freq,s_adj,unit,nace_r2,lcstruct,geo\TIME_PERIOD	2022-Q4 	2023-Q1 	2023-Q2 	2023-Q3 	2023-Q4 	2024-Q1 	2024-Q2 	2024-Q3 	2024-Q4 	2025-Q1 	2025-Q2 	2025-Q3 
Q,SCA,I20,B-E,D1_D4_MD5,AT	109.6 	111.3 	114.4 	115.7 	117.8 	120.0 	123.1 	124.3 	125.6 	126.6 	127.1 p	: 
Q,SCA,I20,B-E,D1_D4_MD5,BE	111.9 	114.2 	115.5 	117.1 	118.0 	118.6 	119.6 	120.7 	121.7 	122.7 	124.0 p	: 
Q,SCA,I20,B-E,D1_D4_MD5,BG	136.5 	137.7 	143.6 	147.8 	150.5 	157.1 	160.1 	164.3 	168.4 	178.3 	182.8 	: 
Q,SCA,I20,B-E,D1_D4_MD5,CY	106.8 	109.0 	110.1 	111.7 	112.8 	114.6 p	116.1 p	117.0 p	118.5 p	119.5 p	120.8 p	: 
Q,SCA,I20,B-E,D1_D4_MD5,CZ	112.4 	114.6 	116.4 	118.8 	120.4 	122.6 p	124.9 p	126.4 p	128.6 p	131.1 p	133.2 p	: 
Q,SCA,I20,B-E,D1_D4_MD5,DE	108.6 	108.2 	109.0 	110.5 	112.5 	113.9 	114.1 	115.2 	116.5 	113.5 	117.0 	: 
Q,SCA,I20,B-E,D1_D4_MD5,DK	110.4 	110.2 	111.1 	111.1 	111.8 	112.7 	115.8 	115.8 	115.8 	117.6 	118.5 	: 
Q,SCA,I20,B-E,D1_D4_MD5,EA	107.3 	108.1 	108.6 	110.2 	111.6 	113.1 	114.3 	115.5 	116.5 	116.5 	117.9 	: 
Q,SCA,I20,B-E,D1_D4_MD5,EA20	107.1 	108.1 	108.7 	110.1 	111.6 	113.4 	114.1 	115.3 	116.2 	116.6 	117.9 	: 
Q,SCA,I20,B-E,D1_D4_MD5,EE	124.6 	124.9 	127.5 	128.5 	129.6 	133.8 	137.5 	140.4 	142.3 	146.0 	149.1 	: 
Q,SCA,I20,B-E,D1_D4_MD5,EL	105.0 	104.0 	106.5 	108.3 	108.8 	111.6 	112.4 	116.2 	119.3 	121.2 	123.5 	: 
Q,SCA,I20,B-E,D1_D4_MD5,ES	103.2 p	105.2 p	106.4 p	107.3 p	108.8 p	110.2 p	111.4 p	113.0 p	113.9 p	115.8 p	115.8 p	: 
Q,SCA,I20,B-E,D1_D4_MD5,EU	108.7 	109.8 	110.7 	112.3 	113.9 	115.7 	117.0 	118.3 	119.6 	119.9 	121.4 	: 
Q,SCA,I20,B-E,D1_D4_MD5,EU27_2020	108.5 	109.7 	110.7 	112.2 	113.8 	115.8 	116.7 	118.1 	119.2 	119.9 	121.3 	: 
Q,SCA,I20,B-E,D1_D4_MD5,FI	107.5 p	108.5 p	110.6 p	110.6 p	112.6 p	109.1 p	112.9 p	112.5 p	115.2 p	117.2 p	116.8 p	: 
Q,SCA,I20,B-E,D1_D4_MD5,FR	104.3 	105.2 	105.8 	106.5 	108.1 	109.0 	109.8 	110.2 p	111.5 p	112.2 p	112.2 p	: 
Q,SCA,I20,B-E,D1_D4_MD5,HR	112.9 	118.2 	123.9 	128.0 	130.1 	135.5 	140.6 	144.9 	149.7 	154.2 	157.8 	: 
Q,SCA,I20,B-E,D1_D4_MD5,HU	127.6 	134.0 	139.9 	142.4 	147.4 	152.3 	155.1 	159.6 p	163.1 p	166.3 p	170.1 p	: 
Q,SCA,I20,B-E,D1_D4_MD5,IE	114.0 	119.4 	121.5 	122.1 	122.4 	127.2 	128.8 	129.7 	131.1 	132.3 	131.7 p	: 
Q,SCA,I20,B-E,D1_D4_MD5,IS	119.5 p	123.4 p	127.5 p	126.8 p	131.0 p	136.4 p	130.1 p	136.7 p	137.7 p	140.7 p	146.7 p	: 
Q,SCA,I20,B-E,D1_D4_MD5,IT	101.9 	102.3 	103.7 	105.0 	105.2 	106.2 	108.6 	109.8 	110.6 	111.4 	112.6 	: 
Q,SCA,I20,B-E,D1_D4_MD5,LT	131.2 	134.4 	137.9 	140.8 	145.0 	148.2 	151.5 	155.8 	158.9 	160.5 	165.4 	: 
Q,SCA,I20,B-E,D1_D4_MD5,LU	106.6 	108.1 	110.6 	114.4 	116.2 	113.9 	116.2 	115.1 	115.3 	118.0 	117.8 	: 
Q,SCA,I20,B-E,D1_D4_MD5,LV	117.1 	119.8 	124.5 	125.8 	129.0 	133.9 	136.8 	140.8 	143.2 	147.3 	149.4 	: 
Q,SCA,I20,B-E,D1_D4_MD5,MT	119.3 p	126.2 p	126.5 p	124.2 p	123.8 p	133.7 p	133.5 p	134.9 p	138.2 p	143.2 p	144.8 p	: 
Q,SCA,I20,B-E,D1_D4_MD5,NL	108.5 	110.4 	112.1 	112.5 	115.5 	117.3 p	117.9 p	120.2 p	122.1 p	123.4 p	: @C	: 
Q,SCA,I20,B-E,D1_D4_MD5,NO	106.9 p	110.9 p	112.6 p	113.8 p	115.7 p	116.2 p	117.9 p	120.3 p	122.6 p	123.3 p	128.9 p	: 
Q,SCA,I20,B-E,D1_D4_MD5,PL	123.5 	127.1 	132.6 	136.2 	139.1 	144.5 	146.6 	151.4 	153.9 	157.3 	161.6 	: 
Q,SCA,I20,B-E,D1_D4_MD5,PT	108.6 	111.9 	111.1 	113.3 	115.5 	119.1 p	122.3 p	124.0 p	125.4 p	124.6 p	126.4 p	: 
Q,SCA,I20,B-E,D1_D4_MD5,RO	126.4 	132.4 	137.1 	140.3 	146.9 	151.3 p	155.3 p	161.1 p	163.6 p	177.0 p	176.2 p	: 
Q,SCA,I20,B-E,D1_D4_MD5,RS	134.5 	139.4 	143.0 	147.6 	152.4 	157.6 	165.1 	168.6 	173.8 	183.4 p	183.7 p	: 
Q,SCA,I20,B-E,D1_D4_MD5,SE	108.8 	109.4 	113.2 	111.5 	112.4 	113.6 	115.4 	116.4 	116.9 	116.9 	117.6 	: 
Q,SCA,I20,B-E,D1_D4_MD5,SI	117.8 	120.8 	124.4 	124.5 	128.7 	129.0 	132.8 	133.5 	138.4 	140.9 	142.0 	: 
Q,SCA,I20,B-E,D1_D4_MD5,SK	120.5 	121.1 	123.2 	127.5 	130.1 	133.9 p	133.4 p	135.0 p	137.7 p	140.6 p	145.7 p	: 
Q,SCA,I20,B-E,D1_D4_MD5,TR	262.9 	384.8 	388.2 	487.5 	555.0 	745.5 	839.0 	896.7 	993.6 	1054.8 	1211.1 	: 
Q,SCA,I20,B-N,D1_D4_MD5,AT	108.3 	110.3 	114.3 	115.0 	118.1 	120.9 	123.3 	126.0 	126.0 	127.6 	129.3 p	: 
Q,SCA,I20,B-N,D1_D4_MD5,BE	109.6 	115.1 	115.7 	116.5 	117.3 	117.7 	118.6 	119.5 	120.4 	121.7 	122.7 p	: 
Q,SCA,I20,B-N,D1_D4_MD5,BG	133.4 	135.4 p	140.5 p	144.0 p	147.8 p	156.8 p	159.6 p	163.1 p	167.3 p	176.2 p	179.9 p	: 
Q,SCA,I20,B-N,D1_D4_MD5,CY	111.8 	114.4 	116.0 	116.6 	117.9 	120.1 p	121.6 p	122.8 p	124.4 p	125.5 p	127.0 p	: 
Q,SCA,I20,B-N,D1_D4_MD5,CZ	106.6 	108.2 	110.4 	112.4 	113.8 	116.1 p	118.3 p	119.7 p	122.2 p	125.5 p	127.7 p	: 
Q,SCA,I20,B-N,D1_D4_MD5,DE	112.3 	110.3 	111.9 	113.4 	115.3 	117.1 	117.8 	118.6 	119.5 	120.0 	122.6 	: 
Q,SCA,I20,B-N,D1_D4_MD5,DK	106.7 	107.3 	108.0 	109.0 	109.5 	110.5 	112.0 	112.7 	112.9 	113.8 	114.6 	: 
Q,SCA,I20,B-N,D1_D4_MD5,EA	108.9 	109.8 	110.6 	112.0 	113.5 	114.9 	116.1 	117.3 	118.2 	119.2 	120.5 	: 
Q,SCA,I20,B-N,D1_D4_MD5,EA20	108.6 	109.5 	110.4 	111.8 	113.3 	114.8 	115.8 	117.1 	118.0 	119.2 	120.5 	: 
Q,SCA,I20,B-N,D1_D4_MD5,EE	121.5 	125.6 	128.9 	129.2 	131.9 	134.7 	135.6 	139.2 	142.5 	146.1 	150.8 	: 
Q,SCA,I20,B-N,D1_D4_MD5,EL	113.0 	113.3 	115.5 	122.9 	122.3 	125.8 	127.7 	127.9 	132.8 	136.0 	139.6 	: 
Q,SCA,I20,B-N,D1_D4_MD5,ES	104.0 p	106.3 p	107.7 p	108.9 p	110.8 p	111.6 p	112.9 p	114.5 p	115.2 p	116.4 p	117.8 p	: 
Q,SCA,I20,B-N,D1_D4_MD5,EU	109.6 	110.8 	111.9 	113.5 	115.0 	116.5 	117.9 	119.2 	120.5 	121.5 	122.9 	: 
Q,SCA,I20,B-N,D1_D4_MD5,EU27_2020	109.4 	110.5 	111.8 	113.3 	114.8 	116.4 	117.7 	119.1 	120.3 	121.6 	122.9 	: 
Q,SCA,I20,B-N,D1_D4_MD5,FI	107.3 p	107.4 p	110.2 p	110.3 p	111.7 p	109.7 p	111.7 p	112.2 p	114.2 p	116.0 p	116.3 p	: 
Q,SCA,I20,B-N,D1_D4_MD5,FR	105.4 	106.0 	106.8 	107.4 	109.0 	109.5 	110.4 	111.0 p	112.2 p	112.5 p	112.7 p	: 
Q,SCA,I20,B-N,D1_D4_MD5,HR	114.7 	120.2 	125.4 	129.5 	132.4 	136.0 	141.0 	144.4 	148.6 	152.9 	156.0 	: 
Q,SCA,I20,B-N,D1_D4_MD5,HU	127.1 	132.8 	138.0 	141.1 	146.8 	151.1 	154.3 	158.9 p	162.5 p	165.4 p	169.7 p	: 
Q,SCA,I20,B-N,D1_D4_MD5,IE	117.7 	127.6 	129.4 	131.4 	135.0 	136.3 	138.9 	140.2 	141.6 	144.7 	144.0 p	: 
Q,SCA,I20,B-N,D1_D4_MD5,IS	119.5 p	123.0 p	125.8 p	126.2 p	129.3 p	133.8 p	130.8 p	135.3 p	137.0 p	139.9 p	145.4 p	: 
Q,SCA,I20,B-N,D1_D4_MD5,IT	101.6 	102.0 	103.0 	103.5 	104.2 	104.2 	106.7 	108.3 	108.8 	109.8 	111.0 	: 
Q,SCA,I20,B-N,D1_D4_MD5,LT	133.2 	136.8 	139.8 	143.8 	147.8 	150.9 	154.6 	158.0 	161.2 	163.7 	167.9 	: 
Q,SCA,I20,B-N,D1_D4_MD5,LU	108.2 	110.9 	113.9 	115.8 	116.5 	115.3 	117.2 	116.5 	117.7 	119.2 	118.8 	: 
Q,SCA,I20,B-N,D1_D4_MD5,LV	116.0 p	118.8 p	123.8 p	125.0 p	128.7 p	134.6 p	137.6 p	141.4 p	144.3 p	147.5 p	149.7 p	: 
Q,SCA,I20,B-N,D1_D4_MD5,MT	120.9 p	119.7 p	120.5 p	118.8 p	120.8 p	123.5 p	122.0 p	122.5 p	122.1 p	124.9 p	123.9 p	: 
Q,SCA,I20,B-N,D1_D4_MD5,NL	109.3 	111.8 	113.2 	113.9 	116.6 	118.5 p	119.8 p	121.5 p	123.3 p	125.7 p	127.3 p	: 
Q,SCA,I20,B-N,D1_D4_MD5,NO	107.4 p	109.8 p	112.7 p	113.6 p	116.1 p	116.9 p	119.1 p	121.5 p	123.6 p	127.6 p	129.4 p	: 
Q,SCA,I20,B-N,D1_D4_MD5,PL	125.0 	129.3 	134.4 	138.4 	140.7 	146.2 	148.7 	152.6 	155.5 	159.5 	163.0 	: 
Q,SCA,I20,B-N,D1_D4_MD5,PT	107.9 	110.6 	110.6 	112.6 	114.3 	117.3 p	120.2 p	121.8 p	123.8 p	123.7 p	125.0 p	: 
Q,SCA,I20,B-N,D1_D4_MD5,RO	127.2 	133.4 	138.5 	141.9 	148.9 	154.2 p	158.8 p	164.2 p	167.0 p	179.0 p	178.3 p	: 
Q,SCA,I20,B-N,D1_D4_MD5,RS	139.7 	143.3 	147.6 	152.5 	156.8 	162.3 	168.5 	172.3 	177.9 	185.7 p	187.1 p	: 
Q,SCA,I20,B-N,D1_D4_MD5,SE	109.2 	109.1 	112.1 	112.4 	113.6 	115.0 	116.0 	117.4 	118.4 	119.4 	120.0 	: 
Q,SCA,I20,B-N,D1_D4_MD5,SI	118.6 	120.1 	125.1 	124.9 	130.3 	130.7 	134.3 	133.8 	140.1 	142.5 	143.2 	: 
Q,SCA,I20,B-N,D1_D4_MD5,SK	120.9 	121.9 	125.8 	129.0 	131.3 	133.6 p	134.7 p	136.0 p	138.8 p	142.0 p	145.3 p	: 
Q,SCA,I20,B-N,D1_D4_MD5,TR	262.3 	367.9 	388.8 	489.2 	552.4 	729.7 	824.9 	880.1 	966.9 	1042.4 	1192.2 	: 
Q,SCA,I20,B-S,D1_D4_MD5,AT	108.8 	110.6 	113.7 	114.2 	117.9 	121.0 	122.9 	125.9 	125.0 	125.7 	127.7 p	: 
Q,SCA,I20,B-S,D1_D4_MD5,BE	109.4 	114.8 	115.5 	116.3 	117.1 	117.4 	118.4 	119.3 	120.0 	121.5 	122.3 p	: 
Q,SCA,I20,B-S,D1_D4_MD5,BG	133.0 	134.6 p	139.1 p	144.3 p	148.2 p	156.4 p	160.4 p	163.3 p	167.7 p	175.4 p	180.7 p	: 
Q,SCA,I20,B-S,D1_D4_MD5,CY	110.3 	113.1 	114.7 	115.5 	116.7 	118.4 p	120.0 p	121.2 p	122.5 p	123.8 p	125.1 p	: 
Q,SCA,I20,B-S,D1_D4_MD5,CZ	107.1 	108.5 	110.4 	112.3 	113.5 	115.4 p	117.4 p	118.8 p	121.1 p	124.2 p	126.3 p	: 
Q,SCA,I20,B-S,D1_D4_MD5,DE	111.2 	108.8 	110.7 	111.8 	113.8 	115.8 	116.7 	116.9 	117.8 	118.7 	120.8 	: 
Q,SCA,I20,B-S,D1_D4_MD5,DK	106.2 	106.7 	107.2 	108.2 	108.5 	109.5 	112.4 	112.7 	113.1 	113.9 	114.8 	: 
Q,SCA,I20,B-S,D1_D4_MD5,EA	108.3 	109.0 	109.9 	111.2 	112.8 	114.2 	115.3 	116.4 	117.3 	118.1 	119.3 	: 
Q,SCA,I20,B-S,D1_D4_MD5,EA20	108.1 	108.9 	109.8 	111.1 	112.6 	114.1 	115.1 	116.3 	117.0 	118.1 	119.3 	120.3 e
Q,SCA,I20,B-S,D1_D4_MD5,EE	121.1 	125.4 	129.7 	130.7 	134.5 	135.7 	136.4 	141.0 	143.4 	146.7 	150.2 	: 
Q,SCA,I20,B-S,D1_D4_MD5,EL	105.1 	105.6 	106.8 	112.7 	111.9 	114.5 	115.4 	115.4 	118.6 	121.0 	125.0 	: 
Q,SCA,I20,B-S,D1_D4_MD5,ES	104.4 p	106.2 p	107.6 p	108.6 p	110.2 p	111.1 p	112.2 p	113.8 p	114.3 p	115.1 p	116.4 p	: 
Q,SCA,I20,B-S,D1_D4_MD5,EU	109.1 	110.0 	111.1 	112.5 	114.2 	115.7 	117.1 	118.3 	119.4 	120.4 	121.6 	: 
Q,SCA,I20,B-S,D1_D4_MD5,EU27_2020	108.9 	109.8 	111.0 	112.4 	114.0 	115.7 	116.9 	118.2 	119.1 	120.4 	121.6 	122.8 e
Q,SCA,I20,B-S,D1_D4_MD5,FI	107.6 p	107.0 p	110.4 p	110.3 p	111.5 p	109.6 p	112.0 p	112.7 p	114.4 p	116.7 p	117.4 p	: 
Q,SCA,I20,B-S,D1_D4_MD5,FR	106.5 	107.3 	107.8 	108.7 	110.6 	111.2 	111.9 	112.1 p	113.0 p	113.3 p	113.6 p	: 
Q,SCA,I20,B-S,D1_D4_MD5,HR	114.9 	119.5 	125.0 	130.1 	133.8 	139.0 	147.1 	149.5 	153.0 	157.5 	160.7 	: 
Q,SCA,I20,B-S,D1_D4_MD5,HU	127.6 	133.6 	138.5 	142.2 	148.2 	152.6 	156.4 	161.3 p	165.4 p	168.3 p	173.4 p	: 
Q,SCA,I20,B-S,D1_D4_MD5,IE	118.0 	121.2 	123.3 	125.1 	127.7 	128.6 	131.4 	132.3 	133.8 	136.2 	135.9 p	: 
Q,SCA,I20,B-S,D1_D4_MD5,IS	119.5 p	122.6 p	126.2 p	126.6 p	129.3 p	133.7 p	129.8 p	134.7 p	137.4 p	139.8 p	145.9 p	: 
Q,SCA,I20,B-S,D1_D4_MD5,IT	101.3 	101.7 	102.5 	102.9 	103.3 	104.1 	105.8 	107.1 	107.9 	108.7 	109.7 	: 
Q,SCA,I20,B-S,D1_D4_MD5,LT	132.5 	135.7 	139.0 	142.5 	147.0 	150.6 	154.3 	158.3 	162.6 	165.2 	169.1 	: 
Q,SCA,I20,B-S,D1_D4_MD5,LU	108.1 	110.7 	113.6 	115.7 	116.8 	115.7 	117.3 	116.7 	117.9 	119.3 	120.4 	: 
Q,SCA,I20,B-S,D1_D4_MD5,LV	118.7 p	121.3 p	126.3 p	128.0 p	132.2 p	137.9 p	140.2 p	144.2 p	146.6 p	150.2 p	152.5 p	: 
Q,SCA,I20,B-S,D1_D4_MD5,MT	116.9 p	116.7 p	118.1 p	116.6 p	117.2 p	122.5 p	121.3 p	121.8 p	123.9 p	124.7 p	123.6 p	: 
Q,SCA,I20,B-S,D1_D4_MD5,NL	109.5 	111.1 	112.7 	113.7 	116.9 	118.3 p	119.5 p	121.2 p	124.0 p	125.4 p	126.6 p	: 
Q,SCA,I20,B-S,D1_D4_MD5,NO	108.1 p	110.2 p	112.7 p	114.5 p	117.3 p	116.2 p	119.1 p	121.4 p	123.8 p	127.0 p	128.7 p	: 
Q,SCA,I20,B-S,D1_D4_MD5,PL	124.3 	128.5 	134.1 	137.5 	140.1 	146.9 	151.6 	154.1 	158.9 	163.0 	166.6 	: 
Q,SCA,I20,B-S,D1_D4_MD5,PT	106.6 	109.6 	110.2 	111.6 	113.3 	117.0 p	118.7 p	121.2 p	123.3 p	123.1 p	125.3 p	: 
Q,SCA,I20,B-S,D1_D4_MD5,RO	121.9 	127.1 	131.8 	136.1 	142.4 	147.9 p	151.7 p	158.8 p	161.8 p	171.6 p	169.7 p	: 
Q,SCA,I20,B-S,D1_D4_MD5,RS	134.7 	138.9 	142.8 	147.6 	152.3 	157.5 	163.3 	167.0 	172.0 	179.2 p	181.1 p	: 
Q,SCA,I20,B-S,D1_D4_MD5,SE	108.2 	108.9 	111.6 	112.1 	113.2 	113.4 	114.7 	115.8 	117.0 	118.0 	118.3 	: 
Q,SCA,I20,B-S,D1_D4_MD5,SI	115.2 	116.3 	121.8 	120.1 	126.2 	126.2 	128.8 	127.6 	134.4 	139.6 	139.1 	: 
Q,SCA,I20,B-S,D1_D4_MD5,SK	117.7 	120.1 	123.5 	127.1 	129.6 	132.4 p	133.4 p	134.4 p	136.9 p	140.3 p	145.9 p	: 
Q,SCA,I20,C,D1_D4_MD5,AT	110.0 	111.5 	114.8 	116.1 	118.3 	120.5 	123.5 	124.6 	125.8 	127.0 	127.5 p	: 
Q,SCA,I20,C,D1_D4_MD5,BE	111.9 	114.1 	115.5 	117.2 	118.1 	118.7 	119.8 	120.8 	121.9 	122.9 	124.2 p	: 
Q,SCA,I20,C,D1_D4_MD5,BG	136.4 	140.2 p	146.1 p	150.0 p	153.4 p	160.0 p	164.0 p	168.1 p	172.7 p	182.9 p	188.0 p	: 
Q,SCA,I20,C,D1_D4_MD5,CY	105.4 	107.5 	108.5 	109.7 	110.9 	113.2 p	114.8 p	116.0 p	117.2 p	117.8 p	119.1 p	: 
Q,SCA,I20,C,D1_D4_MD5,CZ	111.9 	114.1 	115.9 	118.4 	119.8 	122.0 p	124.5 p	126.0 p	128.3 p	130.6 p	132.8 p	: 
Q,SCA,I20,C,D1_D4_MD5,DE	108.4 	107.7 	108.3 	110.0 	112.2 	113.7 	113.6 	114.9 	116.5 	113.1 	116.8 	: 
Q,SCA,I20,C,D1_D4_MD5,DK	109.7 	109.7 	110.3 	110.3 	110.9 	111.9 	114.9 	115.0 	115.2 	116.5 	117.5 	: 
Q,SCA,I20,C,D1_D4_MD5,EA	107.0 	107.9 	108.7 	110.0 	111.5 	113.1 	114.3 	115.5 	116.6 	116.6 	118.0 	: 
Q,SCA,I20,C,D1_D4_MD5,EA20	106.8 	108.0 	108.7 	109.9 	111.5 	113.4 	114.2 	115.3 	116.2 	116.6 	118.0 	: 
Q,SCA,I20,C,D1_D4_MD5,EE	125.2 	125.1 	127.6 	128.4 	128.8 	132.6 	137.1 	140.1 	142.2 	146.7 	149.6 	: 
Q,SCA,I20,C,D1_D4_MD5,EL	104.0 	103.2 	105.0 	107.6 	108.5 	110.3 	113.6 	115.2 	118.4 	122.1 	123.1 	: 
Q,SCA,I20,C,D1_D4_MD5,ES	102.9 p	104.9 p	106.3 p	107.4 p	108.9 p	110.5 p	111.6 p	113.2 p	114.2 p	115.8 p	115.9 p	: 
Q,SCA,I20,C,D1_D4_MD5,EU	108.4 	109.4 	110.3 	112.0 	113.6 	115.4 	116.7 	118.1 	119.3 	119.6 	121.1 	: 
Q,SCA,I20,C,D1_D4_MD5,EU27_2020	108.1 	109.5 	110.4 	112.1 	113.5 	115.7 	116.6 	118.0 	119.0 	119.7 	121.1 	: 
Q,SCA,I20,C,D1_D4_MD5,FI	107.8 p	108.9 p	111.3 p	111.0 p	113.1 p	109.2 p	113.2 p	112.7 p	115.5 p	117.6 p	117.1 p	: 
Q,SCA,I20,C,D1_D4_MD5,FR	104.3 	105.0 	105.6 	106.4 	108.2 	109.2 	110.0 	110.4 p	111.6 p	112.5 p	112.4 p	: 
Q,SCA,I20,C,D1_D4_MD5,HR	114.2 	119.5 	125.9 	130.4 	132.6 	137.2 	142.3 	146.8 	151.2 	155.6 	158.3 	: 
Q,SCA,I20,C,D1_D4_MD5,HU	129.0 	135.5 	141.0 	144.2 	148.9 	153.8 	156.3 	160.7 p	164.1 p	167.3 p	170.8 p	: 
Q,SCA,I20,C,D1_D4_MD5,IE	113.7 	119.3 	121.8 	122.1 	122.7 	126.5 	128.5 	129.7 	131.1 	132.5 	131.7 p	: 
Q,SCA,I20,C,D1_D4_MD5,IS	119.5 p	123.1 p	127.1 p	126.6 p	131.2 p	136.2 p	130.0 p	136.7 p	137.4 p	140.8 p	146.4 p	: 
Q,SCA,I20,C,D1_D4_MD5,IT	102.4 	103.0 	104.4 	105.8 	105.8 	107.0 	109.5 	110.7 	111.6 	112.3 	113.5 	: 
Q,SCA,I20,C,D1_D4_MD5,LT	132.1 	135.0 	138.4 	141.0 	145.4 	148.6 	151.9 	156.2 	159.0 	160.3 	165.2 	: 
Q,SCA,I20,C,D1_D4_MD5,LU	106.5 	108.0 	110.6 	114.2 	116.3 	113.8 	116.2 	115.0 	115.0 	117.8 	117.3 	: 
Q,SCA,I20,C,D1_D4_MD5,LV	116.4 p	117.9 p	122.7 p	123.6 p	127.0 p	132.3 p	134.7 p	138.7 p	140.6 p	144.8 p	147.0 p	: 
Q,SCA,I20,C,D1_D4_MD5,MT	120.9 p	128.7 p	128.6 p	126.5 p	125.1 p	136.5 p	136.5 p	138.1 p	140.5 p	146.6 p	148.8 p	: 
Q,SCA,I20,C,D1_D4_MD5,NL	108.2 	110.6 	112.4 	113.1 	115.8 	117.7 p	118.5 p	120.7 p	122.6 p	123.9 p	: @C	: 
Q,SCA,I20,C,D1_D4_MD5,NO	106.3 p	109.2 p	110.8 p	111.8 p	114.8 p	115.2 p	117.5 p	119.8 p	121.8 p	123.5 p	130.6 p	: 
Q,SCA,I20,C,D1_D4_MD5,PL	123.9 	127.6 	132.5 	135.8 	138.3 	144.3 	147.2 	151.6 	153.6 	157.5 	161.0 	: 
Q,SCA,I20,C,D1_D4_MD5,PT	108.5 	112.0 	111.3 	113.3 	115.5 	119.1 p	122.5 p	124.2 p	125.6 p	124.7 p	126.5 p	: 
Q,SCA,I20,C,D1_D4_MD5,RO	126.7 	132.8 	137.4 	140.9 	147.1 	152.1 p	155.7 p	162.0 p	164.0 p	178.1 p	177.4 p	: 
Q,SCA,I20,C,D1_D4_MD5,RS	140.3 	145.2 	149.2 	154.3 	159.3 	165.7 	173.4 	177.5 	183.5 	192.9 p	193.6 p	: 
Q,SCA,I20,C,D1_D4_MD5,SE	108.9 	109.4 	113.3 	111.5 	112.3 	113.3 	115.2 	116.3 	116.6 	116.6 	117.3 	: 
Q,SCA,I20,C,D1_D4_MD5,SI	117.8 p	121.1 p	124.0 p	124.9 p	128.2 p	129.2 p	132.9 p	134.3 p	138.1 p	140.9 p	142.4 p	: 
Q,SCA,I20,C,D1_D4_MD5,SK	121.0 	121.8 	123.7 	127.7 	130.5 	133.6 p	133.7 p	135.5 p	137.7 p	140.9 p	145.3 p	: 
Q,SCA,I20,C,D1_D4_MD5,TR	264.3 	389.9 	390.9 	490.5 	558.7 	752.8 	843.0 	902.9 	1000.2 	1061.8 	1221.3 	: 
Q,SCA,I20,F,D1_D4_MD5,AT	108.3 	110.5 	114.6 	115.3 	118.3 	121.7 	125.5 	127.8 	128.4 	130.8 	132.5 p	: 
Q,SCA,I20,F,D1_D4_MD5,BE	109.3 	114.7 	115.9 	116.4 	117.0 	117.4 	118.1 	119.2 	120.2 	121.4 	122.4 p	: 
Q,SCA,I20,F,D1_D4_MD5,BG	127.9 	133.6 p	138.8 p	147.2 p	152.6 p	160.7 p	166.1 p	167.4 p	178.0 p	192.2 p	193.6 p	: 
Q,SCA,I20,F,D1_D4_MD5,CY	107.5 	109.2 	110.2 	110.8 	111.4 	113.6 p	113.7 p	115.6 p	117.3 p	117.6 p	119.7 p	: 
Q,SCA,I20,F,D1_D4_MD5,CZ	110.7 	112.4 	114.9 	117.1 	118.7 	121.1 p	124.6 p	126.6 p	129.2 p	134.5 p	138.3 p	: 
Q,SCA,I20,F,D1_D4_MD5,DE	115.9 	111.7 	114.7 	115.5 	118.4 	120.1 	121.4 	121.4 	123.2 	124.9 	126.0 	: 
Q,SCA,I20,F,D1_D4_MD5,DK	109.0 	108.9 	110.0 	111.2 	112.3 	112.6 	113.6 	115.2 	114.2 	115.6 	113.3 	: 
Q,SCA,I20,F,D1_D4_MD5,EA	110.3 	110.4 	111.7 	113.5 	115.6 	116.5 	118.0 	119.4 	120.3 	121.8 	123.3 	: 
Q,SCA,I20,F,D1_D4_MD5,EA20	110.1 	110.3 	111.7 	113.4 	115.4 	116.4 	117.8 	119.3 	120.3 	121.8 	123.3 	: 
Q,SCA,I20,F,D1_D4_MD5,EE	113.6 	117.5 	118.0 	116.6 	118.6 	123.7 	122.0 	124.0 	128.2 	130.7 	137.2 	: 
Q,SCA,I20,F,D1_D4_MD5,EL	108.5 	110.3 	111.9 	117.7 	117.0 	125.1 	126.3 	120.8 	134.7 	134.1 	141.0 	: 
Q,SCA,I20,F,D1_D4_MD5,ES	104.2 p	105.9 p	107.4 p	109.2 p	110.4 p	110.0 p	111.1 p	112.2 p	112.9 p	114.6 p	116.1 p	: 
Q,SCA,I20,F,D1_D4_MD5,EU	110.8 	111.2 	112.8 	114.6 	116.7 	118.0 	119.6 	121.0 	122.2 	123.7 	125.2 	: 
Q,SCA,I20,F,D1_D4_MD5,EU27_2020	110.7 	111.1 	112.8 	114.5 	116.7 	117.9 	119.5 	121.1 	122.2 	123.8 	125.3 	: 
Q,SCA,I20,F,D1_D4_MD5,FI	106.8 p	103.4 p	107.5 p	108.3 p	109.9 p	109.2 p	111.6 p	111.9 p	112.8 p	114.8 p	116.6 p	: 
Q,SCA,I20,F,D1_D4_MD5,FR	104.4 	104.7 	105.7 	106.1 	108.0 	107.3 	108.3 	109.6 p	111.5 p	109.9 p	111.1 p	: 
Q,SCA,I20,F,D1_D4_MD5,HR	117.8 	124.2 	130.8 	135.4 	138.1 	139.6 	145.2 	148.9 	152.3 	158.4 	161.8 	: 
Q,SCA,I20,F,D1_D4_MD5,HU	129.6 	134.3 	142.4 	144.2 	151.4 	156.9 	161.6 	166.6 p	171.1 p	176.3 p	180.4 p	: 
Q,SCA,I20,F,D1_D4_MD5,IE	: @C	: @C	: @C	: @C	: @C	: @C	: @C	: @C	: @C	: @C	: @C	: 
Q,SCA,I20,F,D1_D4_MD5,IS	119.0 p	122.9 p	125.3 p	126.3 p	129.5 p	133.8 p	130.6 p	135.3 p	137.0 p	140.6 p	147.6 p	: 
Q,SCA,I20,F,D1_D4_MD5,IT	106.0 	106.1 	106.0 	108.4 	109.4 	110.3 	113.4 	113.6 	115.8 	117.5 	119.4 	: 
Q,SCA,I20,F,D1_D4_MD5,LT	131.4 	136.4 	140.2 	146.7 	152.1 	156.8 	160.5 	164.4 	169.1 	168.4 	173.8 	: 
Q,SCA,I20,F,D1_D4_MD5,LU	108.2 	110.2 	112.4 	115.5 	117.7 	116.9 	117.8 	117.8 	118.1 	120.0 	120.8 	: 
Q,SCA,I20,F,D1_D4_MD5,LV	105.3 p	104.9 p	112.3 p	114.6 p	117.1 p	121.7 p	126.1 p	129.9 p	133.3 p	136.2 p	139.5 p	: 
Q,SCA,I20,F,D1_D4_MD5,MT	111.4 p	111.4 p	112.1 p	111.6 p	112.2 p	114.3 p	114.5 p	115.3 p	113.4 p	112.9 p	112.3 p	: 
Q,SCA,I20,F,D1_D4_MD5,NL	103.7 	106.0 	106.4 	106.2 	108.3 	111.3 p	111.3 p	115.0 p	116.3 p	118.8 p	: @C	: 
Q,SCA,I20,F,D1_D4_MD5,NO	105.1 p	106.0 p	108.9 p	108.7 p	111.9 p	112.0 p	114.1 p	116.1 p	118.2 p	120.4 p	124.8 p	: 
Q,SCA,I20,F,D1_D4_MD5,PL	121.2 	122.9 	127.8 	131.1 	135.9 	141.3 	146.0 	148.6 	151.3 	154.0 	155.6 	: 
Q,SCA,I20,F,D1_D4_MD5,PT	113.2 	116.6 	115.9 	118.5 	118.7 	123.1 p	126.5 p	128.2 p	131.7 p	130.6 p	132.3 p	: 
Q,SCA,I20,F,D1_D4_MD5,RO	122.1 	134.3 	140.8 	145.6 	157.8 	161.7 p	168.9 p	174.1 p	175.0 p	193.0 p	193.0 p	: 
Q,SCA,I20,F,D1_D4_MD5,RS	139.4 	143.8 	148.3 	153.4 	157.8 	163.3 	170.1 	175.7 	181.4 	187.0 p	188.8 p	: 
Q,SCA,I20,F,D1_D4_MD5,SE	110.5 	111.2 	113.7 	115.0 	115.4 	117.0 	117.6 	119.4 	121.2 	120.6 	121.0 	: 
Q,SCA,I20,F,D1_D4_MD5,SI	120.1 p	120.5 p	124.8 p	126.1 p	132.6 p	135.7 p	140.0 p	136.2 p	145.1 p	145.2 p	149.6 p	: 
Q,SCA,I20,F,D1_D4_MD5,SK	125.5 	131.1 	129.4 	136.6 	136.3 	139.6 p	147.1 p	147.1 p	150.2 p	150.6 p	155.2 p	: 
Q,SCA,I20,F,D1_D4_MD5,TR	246.3 	340.6 	359.3 	484.5 	528.0 	702.5 	782.3 	829.2 	902.4 	981.6 	1124.8 	: 
Q,SCA,I20,G,D1_D4_MD5,AT	105.9 	108.1 	111.6 	112.7 	116.6 	122.0 	124.0 	127.2 	125.9 	125.8 	128.0 p	: 
Q,SCA,I20,G,D1_D4_MD5,BE	109.2 	116.1 	116.2 	116.7 	117.3 	117.9 	118.6 	119.4 	120.3 	121.6 	122.7 p	: 
Q,SCA,I20,G,D1_D4_MD5,BG	133.2 	135.6 p	140.1 p	142.7 p	147.0 p	159.8 p	163.4 p	164.8 p	169.5 p	176.2 p	181.0 p	: 
Q,SCA,I20,G,D1_D4_MD5,CY	110.8 	112.3 	113.2 	114.6 	116.1 	117.7 p	119.1 p	120.3 p	121.3 p	122.1 p	123.3 p	: 
Q,SCA,I20,G,D1_D4_MD5,CZ	114.6 	115.2 	118.0 	119.5 	120.3 	122.4 p	123.6 p	124.1 p	126.5 p	130.7 p	132.2 p	: 
Q,SCA,I20,G,D1_D4_MD5,DE	111.5 	110.7 	112.3 	112.8 	115.9 	115.0 	116.7 	118.6 	118.7 	118.1 	120.0 	: 
Q,SCA,I20,G,D1_D4_MD5,DK	107.8 	107.7 	109.2 	110.1 	110.6 	111.7 	113.0 	113.6 	114.1 	114.7 	115.3 	: 
Q,SCA,I20,G,D1_D4_MD5,EA	108.0 	109.5 	110.2 	111.4 	113.2 	113.9 	115.4 	116.6 	117.4 	118.0 	119.0 	: 
Q,SCA,I20,G,D1_D4_MD5,EA20	107.7 	109.3 	110.1 	111.1 	113.0 	113.7 	115.1 	116.4 	117.0 	118.0 	119.0 	: 
Q,SCA,I20,G,D1_D4_MD5,EE	122.0 	127.6 	128.7 	130.8 	131.8 	132.4 	133.5 	138.6 	144.4 	146.8 	149.1 	: 
Q,SCA,I20,G,D1_D4_MD5,EL	103.8 	105.8 	107.7 	114.7 	114.0 	117.2 	118.2 	115.5 	120.0 	121.5 	124.7 	: 
Q,SCA,I20,G,D1_D4_MD5,ES	105.1 p	108.7 p	109.1 p	110.4 p	112.9 p	113.2 p	115.6 p	116.1 p	116.7 p	117.8 p	119.5 p	: 
Q,SCA,I20,G,D1_D4_MD5,EU	108.8 	110.4 	111.6 	113.1 	114.7 	115.8 	117.4 	118.8 	119.8 	120.5 	121.7 	: 
Q,SCA,I20,G,D1_D4_MD5,EU27_2020	108.5 	110.3 	111.5 	112.9 	114.6 	115.7 	117.2 	118.6 	119.4 	120.6 	121.8 	: 
Q,SCA,I20,G,D1_D4_MD5,FI	108.4 p	108.9 p	109.2 p	108.7 p	111.0 p	109.6 p	110.1 p	110.5 p	113.4 p	114.1 p	114.7 p	: 
Q,SCA,I20,G,D1_D4_MD5,FR	104.1 	105.0 	105.6 	106.3 	107.7 	107.7 	108.8 	108.9 p	110.0 p	110.0 p	110.3 p	: 
Q,SCA,I20,G,D1_D4_MD5,HR	116.3 	121.9 	126.8 	131.8 	135.7 	140.1 	144.7 	148.6 	152.6 	156.7 	161.6 	: 
Q,SCA,I20,G,D1_D4_MD5,HU	128.1 	132.3 	137.9 	141.6 	150.5 	151.4 	153.3 	158.1 p	162.2 p	163.2 p	168.6 p	: 
Q,SCA,I20,G,D1_D4_MD5,IE	115.7 	131.1 	132.0 	136.6 	137.0 	139.5 	140.3 	144.0 	143.9 	145.9 	145.5 p	: 
Q,SCA,I20,G,D1_D4_MD5,IS	120.5 p	122.6 p	124.3 p	126.3 p	129.3 p	131.9 p	132.7 p	136.1 p	137.3 p	140.2 p	144.5 p	: 
Q,SCA,I20,G,D1_D4_MD5,IT	100.3 	100.9 	101.2 	100.9 	102.1 	99.7 	104.5 	106.5 	106.4 	106.4 	107.5 	: 
Q,SCA,I20,G,D1_D4_MD5,LT	136.0 	138.1 	140.6 	144.4 	148.4 	150.6 	154.9 	159.2 	162.5 	162.8 	167.9 	: 
Q,SCA,I20,G,D1_D4_MD5,LU	106.6 	110.2 	111.0 	114.2 	116.1 	113.5 	116.2 	115.5 	116.4 	117.8 	118.1 	: 
Q,SCA,I20,G,D1_D4_MD5,LV	116.8 p	122.0 p	125.1 p	125.6 p	130.5 p	138.8 p	139.9 p	144.1 p	146.8 p	148.6 p	150.6 p	: 
Q,SCA,I20,G,D1_D4_MD5,MT	117.8 p	124.2 p	118.3 p	118.8 p	121.5 p	133.0 p	132.2 p	132.5 p	131.5 p	135.4 p	130.3 p	: 
Q,SCA,I20,G,D1_D4_MD5,NL	109.5 	111.9 	113.8 	114.8 	116.5 	119.3 p	119.8 p	122.2 p	123.9 p	125.7 p	: @C	: 
Q,SCA,I20,G,D1_D4_MD5,NO	107.1 p	110.5 p	112.5 p	113.8 p	115.0 p	117.1 p	119.3 p	121.8 p	122.7 p	123.5 p	128.2 p	: 
Q,SCA,I20,G,D1_D4_MD5,PL	124.0 	130.4 	130.3 	139.4 	138.6 	146.0 	147.3 	151.3 	152.8 	157.6 	159.5 	: 
Q,SCA,I20,G,D1_D4_MD5,PT	111.6 	113.9 	114.3 	116.0 	117.7 	120.2 p	122.5 p	124.1 p	126.0 p	126.3 p	127.5 p	: 
Q,SCA,I20,G,D1_D4_MD5,RO	129.1 	133.3 	138.8 	143.1 	149.4 	154.9 p	160.6 p	167.0 p	171.2 p	180.5 p	178.9 p	: 
Q,SCA,I20,G,D1_D4_MD5,RS	141.8 	146.0 	150.8 	156.7 	161.3 	169.3 	173.2 	177.6 	183.4 	188.6 p	192.6 p	: 
Q,SCA,I20,G,D1_D4_MD5,SE	107.3 	106.1 	111.4 	111.9 	112.3 	116.0 	116.0 	118.0 	119.6 	121.0 	121.1 	: 
Q,SCA,I20,G,D1_D4_MD5,SI	118.8 p	119.2 p	125.1 p	125.5 p	130.5 p	131.7 p	132.9 p	134.9 p	139.3 p	142.4 p	144.4 p	: 
Q,SCA,I20,G,D1_D4_MD5,SK	124.2 	127.2 	131.4 	133.9 	136.9 	139.9 p	138.7 p	140.5 p	142.9 p	147.3 p	149.7 p	: 
Q,SCA,I20,G,D1_D4_MD5,TR	267.2 	362.9 	393.2 	494.8 	568.2 	709.8 	811.9 	851.6 	952.0 	1030.1 	1173.6 	: 
Q,SCA,I20,G-J,D1_D4_MD5,AT	106.9 	108.8 	112.0 	112.8 	116.2 	119.6 	121.5 	125.3 	125.1 	127.2 	: @C	: 
Q,SCA,I20,G-J,D1_D4_MD5,BE	108.5 	115.9 	116.1 	116.6 	117.2 	117.7 	118.4 	119.2 	120.0 	121.6 	122.6 p	: 
Q,SCA,I20,G-J,D1_D4_MD5,BG	132.9 	134.9 	140.3 	142.5 	147.0 	157.6 	160.0 	162.7 	166.3 	173.5 	176.3 	: 
Q,SCA,I20,G-J,D1_D4_MD5,CY	116.0 	117.9 	119.5 	120.8 	122.3 	124.3 p	125.9 p	127.4 p	129.0 p	130.1 p	131.6 p	: 
Q,SCA,I20,G-J,D1_D4_MD5,CZ	95.1 	95.9 	98.5 	99.8 	101.0 	102.9 p	104.4 p	105.5 p	107.8 p	111.0 p	112.6 p	: 
Q,SCA,I20,G-J,D1_D4_MD5,DE	111.8 	111.1 	113.4 	113.6 	116.3 	116.4 	118.4 	119.3 	120.0 	119.0 	120.6 	: 
Q,SCA,I20,G-J,D1_D4_MD5,DK	102.5 	103.5 	103.5 	104.2 	104.8 	106.1 	107.0 	107.7 	108.1 	108.6 	109.6 	: 
Q,SCA,I20,G-J,D1_D4_MD5,EA	108.7 	110.2 	111.2 	112.4 	114.1 	115.1 	116.4 	117.6 	118.4 	119.3 	120.3 	: 
Q,SCA,I20,G-J,D1_D4_MD5,EA20	108.5 	109.9 	111.1 	112.2 	113.9 	114.9 	116.2 	117.4 	118.2 	119.3 	120.3 	: 
Q,SCA,I20,G-J,D1_D4_MD5,EE	121.5 	126.0 	130.5 	130.2 	132.6 	136.7 	135.6 	141.3 	144.8 	145.5 	150.5 	: 
Q,SCA,I20,G-J,D1_D4_MD5,EL	115.3 	116.9 	118.1 	128.6 	128.8 	133.3 	135.9 	133.4 	137.9 	142.5 	146.7 	: 
Q,SCA,I20,G-J,D1_D4_MD5,ES	104.4 p	107.2 p	108.4 p	109.6 p	111.7 p	112.7 p	114.3 p	115.5 p	115.7 p	117.5 p	118.6 p	: 
Q,SCA,I20,G-J,D1_D4_MD5,EU	109.5 	111.0 	112.3 	113.6 	115.4 	116.6 	118.0 	119.4 	120.4 	121.5 	122.6 	: 
Q,SCA,I20,G-J,D1_D4_MD5,EU27_2020	109.3 	110.8 	112.2 	113.4 	115.2 	116.5 	117.9 	119.3 	120.2 	121.5 	122.6 	: 
Q,SCA,I20,G-J,D1_D4_MD5,FI	107.2 p	107.4 p	109.2 p	109.0 p	110.5 p	109.5 p	110.1 p	111.3 p	113.0 p	114.0 p	114.7 p	: 
Q,SCA,I20,G-J,D1_D4_MD5,FR	106.2 	106.9 	107.9 	108.5 	109.8 	110.6 	111.4 	111.8 p	112.9 p	113.2 p	113.5 p	: 
Q,SCA,I20,G-J,D1_D4_MD5,HR	115.2 	120.9 	125.3 	129.8 	133.5 	136.9 	141.6 	144.1 	148.0 	151.8 	154.9 	: 
Q,SCA,I20,G-J,D1_D4_MD5,HU	126.9 	131.5 	136.6 	139.9 	146.3 	150.3 	153.4 	158.1 p	162.2 p	163.8 p	168.8 p	: 
Q,SCA,I20,G-J,D1_D4_MD5,IE	120.9 	128.4 	130.0 	132.8 	134.7 	137.8 	139.9 	142.3 	143.3 	145.9 	144.0 p	: 
Q,SCA,I20,G-J,D1_D4_MD5,IS	120.0 p	123.0 p	124.9 p	126.1 p	129.1 p	132.7 p	132.6 p	135.9 p	137.4 p	140.6 p	144.6 p	: 
Q,SCA,I20,G-J,D1_D4_MD5,IT	100.3 	101.2 	102.0 	101.8 	103.1 	101.8 	104.5 	106.6 	106.2 	107.2 	108.1 	: 
Q,SCA,I20,G-J,D1_D4_MD5,LT	132.9 	135.9 	138.4 	141.9 	145.4 	148.8 	152.7 	155.6 	158.9 	161.9 	165.7 	: 
Q,SCA,I20,G-J,D1_D4_MD5,LU	106.7 	109.2 	115.8 	114.8 	116.0 	114.4 	115.1 	115.6 	116.2 	118.5 	119.4 	: 
Q,SCA,I20,G-J,D1_D4_MD5,LV	116.1 	119.9 	125.3 	125.9 	130.6 	137.1 	139.5 	143.7 	146.2 	148.1 	150.6 	: 
Q,SCA,I20,G-J,D1_D4_MD5,MT	138.0 p	127.4 p	125.7 p	124.2 p	130.3 p	134.7 p	132.3 p	132.7 p	131.7 p	134.9 p	132.4 p	: 
Q,SCA,I20,G-J,D1_D4_MD5,NL	110.3 	112.8 	114.8 	115.7 	118.0 	119.6 p	120.8 p	123.0 p	125.0 p	127.4 p	: @C	: 
Q,SCA,I20,G-J,D1_D4_MD5,NO	108.6 p	110.7 p	113.8 p	114.3 p	117.4 p	118.7 p	121.1 p	123.3 p	125.1 p	126.1 p	130.0 p	: 
Q,SCA,I20,G-J,D1_D4_MD5,PL	128.0 	133.7 	136.5 	141.4 	142.6 	149.0 	150.8 	154.5 	156.3 	161.8 	165.2 	: 
Q,SCA,I20,G-J,D1_D4_MD5,PT	110.1 	111.9 	112.5 	114.2 	116.0 	118.5 p	120.7 p	122.2 p	124.3 p	124.7 p	125.9 p	: 
Q,SCA,I20,G-J,D1_D4_MD5,RO	129.6 	134.5 	140.1 	143.6 	150.3 	157.0 p	161.4 p	166.8 p	170.2 p	179.9 p	178.7 p	: 
Q,SCA,I20,G-J,D1_D4_MD5,RS	145.5 	147.5 	153.4 	158.5 	162.7 	169.2 	174.5 	177.7 	183.4 	189.1 p	191.5 p	: 
Q,SCA,I20,G-J,D1_D4_MD5,SE	108.3 	107.5 	111.2 	112.0 	113.1 	115.3 	115.9 	117.5 	118.7 	120.3 	120.8 	: 
Q,SCA,I20,G-J,D1_D4_MD5,SI	119.5 	119.2 	125.4 	125.6 	130.9 	132.0 	134.4 	134.8 	140.8 	144.1 	144.9 	: 
Q,SCA,I20,G-J,D1_D4_MD5,SK	120.9 	122.7 	127.7 	130.7 	132.9 	135.1 p	135.9 p	136.8 p	139.5 p	143.9 p	146.2 p	: 
Q,SCA,I20,G-J,D1_D4_MD5,TR	270.6 	366.2 	400.6 	498.9 	574.3 	723.0 	831.0 	875.6 	972.5 	1045.4 	1185.1 	: 
Q,SCA,I20,G-N,D1_D4_MD5,AT	107.7 	109.8 	114.2 	114.5 	118.2 	121.3 	123.0 	126.5 	125.8 	127.6 	129.9 p	: 
Q,SCA,I20,G-N,D1_D4_MD5,BE	108.8 	115.4 	115.8 	116.3 	117.0 	117.4 	118.3 	119.1 	119.9 	121.4 	122.3 p	: 
Q,SCA,I20,G-N,D1_D4_MD5,BG	132.4 	134.4 	139.2 	142.0 	146.1 	156.3 	158.8 	162.1 	165.9 	173.9 	177.4 	: 
Q,SCA,I20,G-N,D1_D4_MD5,CY	113.4 	116.1 	117.9 	118.4 	119.8 	122.0 p	123.8 p	125.0 p	126.5 p	127.7 p	129.2 p	: 
Q,SCA,I20,G-N,D1_D4_MD5,CZ	101.2 	102.3 	104.8 	106.5 	107.7 	110.1 p	111.9 p	113.3 p	116.1 p	119.6 p	121.8 p	: 
Q,SCA,I20,G-N,D1_D4_MD5,DE	114.3 	111.5 	113.4 	114.9 	116.7 	118.8 	119.7 	120.5 	120.9 	123.5 	125.7 	: 
Q,SCA,I20,G-N,D1_D4_MD5,DK	105.0 	106.0 	106.6 	107.9 	108.2 	109.3 	110.4 	111.3 	111.6 	112.1 	113.2 	: 
Q,SCA,I20,G-N,D1_D4_MD5,EA	109.5 	110.4 	111.3 	112.6 	114.2 	115.6 	116.6 	117.8 	118.6 	120.1 	121.3 	: 
Q,SCA,I20,G-N,D1_D4_MD5,EA20	109.2 	110.0 	111.0 	112.3 	113.9 	115.2 	116.4 	117.7 	118.6 	120.1 	121.3 	: 
Q,SCA,I20,G-N,D1_D4_MD5,EE	121.5 	127.3 	131.4 	131.6 	135.2 	137.0 	137.0 	141.1 	145.1 	148.7 	153.8 	: 
Q,SCA,I20,G-N,D1_D4_MD5,EL	115.8 	116.5 	118.7 	128.0 	127.0 	130.6 	133.0 	132.2 	137.2 	141.1 	144.9 	: 
Q,SCA,I20,G-N,D1_D4_MD5,ES	104.2 p	106.8 p	108.2 p	109.5 p	111.5 p	112.4 p	113.7 p	115.3 p	115.9 p	116.8 p	118.6 p	: 
Q,SCA,I20,G-N,D1_D4_MD5,EU	110.1 	111.1 	112.3 	113.7 	115.4 	116.9 	118.1 	119.4 	120.3 	122.0 	123.3 	: 
Q,SCA,I20,G-N,D1_D4_MD5,EU27_2020	109.8 	110.8 	112.1 	113.4 	115.2 	116.6 	117.9 	119.3 	120.3 	122.0 	123.4 	: 
Q,SCA,I20,G-N,D1_D4_MD5,FI	107.2 p	107.5 p	110.4 p	110.4 p	111.5 p	110.2 p	111.0 p	112.2 p	113.8 p	115.6 p	116.1 p	: 
Q,SCA,I20,G-N,D1_D4_MD5,FR	105.8 	106.4 	107.3 	107.9 	109.4 	109.9 	110.9 	111.4 p	112.5 p	113.0 p	113.1 p	: 
Q,SCA,I20,G-N,D1_D4_MD5,HR	115.1 	120.6 	125.4 	129.4 	132.6 	135.7 	140.6 	143.6 	147.6 	151.6 	154.5 	: 
Q,SCA,I20,G-N,D1_D4_MD5,HU	126.5 	131.9 	136.5 	140.0 	146.0 	149.7 	153.1 	157.6 p	161.3 p	163.8 p	168.4 p	: 
Q,SCA,I20,G-N,D1_D4_MD5,IE	117.4 	123.7 	125.3 	127.7 	129.3 	131.5 	134.3 	135.2 	136.4 	140.3 	138.6 p	: 
Q,SCA,I20,G-N,D1_D4_MD5,IS	119.6 p	122.9 p	125.3 p	125.9 p	128.6 p	132.9 p	131.0 p	134.8 p	136.7 p	139.5 p	144.5 p	: 
Q,SCA,I20,G-N,D1_D4_MD5,IT	100.8 	101.3 	102.2 	101.9 	102.9 	102.1 	104.6 	106.6 	106.9 	107.8 	108.8 	: 
Q,SCA,I20,G-N,D1_D4_MD5,LT	134.3 	137.9 	140.5 	144.7 	148.5 	151.2 	155.1 	158.1 	161.1 	164.4 	168.2 	: 
Q,SCA,I20,G-N,D1_D4_MD5,LU	108.4 	111.3 	114.5 	116.0 	116.4 	115.2 	117.3 	116.5 	118.0 	119.2 	118.7 	: 
Q,SCA,I20,G-N,D1_D4_MD5,LV	117.1 	120.5 	125.2 	126.3 	130.4 	136.7 	139.5 	143.3 	146.3 	149.2 	151.3 	: 
Q,SCA,I20,G-N,D1_D4_MD5,MT	121.9 p	119.2 p	120.1 p	118.4 p	120.9 p	122.4 p	120.7 p	120.9 p	120.1 p	122.9 p	121.4 p	: 
Q,SCA,I20,G-N,D1_D4_MD5,NL	110.2 	112.8 	114.3 	115.0 	117.7 	119.5 p	121.2 p	122.5 p	124.4 p	127.0 p	: @C	: 
Q,SCA,I20,G-N,D1_D4_MD5,NO	108.1 p	110.3 p	113.6 p	114.6 p	117.2 p	118.4 p	120.8 p	123.3 p	125.3 p	131.0 p	130.7 p	: 
Q,SCA,I20,G-N,D1_D4_MD5,PL	126.6 	131.8 	136.5 	141.0 	142.4 	148.1 	150.6 	154.1 	157.3 	161.8 	164.9 	: 
Q,SCA,I20,G-N,D1_D4_MD5,PT	106.9 	109.2 	109.7 	111.6 	113.2 	115.7 p	118.5 p	119.9 p	122.1 p	122.5 p	123.5 p	: 
Q,SCA,I20,G-N,D1_D4_MD5,RO	128.4 	133.8 	139.0 	142.3 	148.7 	154.7 p	159.2 p	164.4 p	167.6 p	178.0 p	177.3 p	: 
Q,SCA,I20,G-N,D1_D4_MD5,RS	143.0 	145.6 	150.3 	155.4 	159.3 	165.1 	170.5 	174.2 	180.0 	187.2 p	189.1 p	: 
Q,SCA,I20,G-N,D1_D4_MD5,SE	109.2 	108.6 	111.5 	112.3 	113.7 	115.1 	116.0 	117.3 	118.5 	120.0 	120.7 	: 
Q,SCA,I20,G-N,D1_D4_MD5,SI	119.0 	119.6 	125.6 	125.1 	131.1 	131.2 	134.6 	133.7 	140.6 	143.2 	143.1 	: 
Q,SCA,I20,G-N,D1_D4_MD5,SK	120.7 	121.8 	127.4 	129.4 	131.7 	132.8 p	134.6 p	135.8 p	138.6 p	142.3 p	144.1 p	: 
Q,SCA,I20,G-N,D1_D4_MD5,TR	264.0 	359.9 	393.1 	491.1 	553.8 	722.6 	821.1 	875.7 	957.6 	1043.1 	1189.1 	: 
Q,SCA,I20,H,D1_D4_MD5,AT	108.9 	113.6 	114.8 	113.4 	116.4 	117.0 	118.0 	122.1 	122.2 	126.1 	126.8 p	: 
Q,SCA,I20,H,D1_D4_MD5,BE	109.5 	115.9 	116.0 	116.3 	117.0 	117.5 	118.3 	119.3 	120.2 	121.6 	122.7 p	: 
Q,SCA,I20,H,D1_D4_MD5,BG	125.4 	133.2 p	138.8 p	141.6 p	145.3 p	156.6 p	159.8 p	164.8 p	168.0 p	173.8 p	180.3 p	: 
Q,SCA,I20,H,D1_D4_MD5,CY	102.6 	103.1 	104.1 	105.8 	107.9 	110.5 p	112.9 p	114.8 p	116.6 p	118.3 p	120.1 p	: 
Q,SCA,I20,H,D1_D4_MD5,CZ	111.3 	112.4 	115.1 	116.2 	119.1 	121.0 p	122.2 p	124.9 p	127.3 p	130.4 p	133.5 p	: 
Q,SCA,I20,H,D1_D4_MD5,DE	110.1 	111.7 	115.5 	115.1 	118.1 	118.1 	121.0 	121.4 	121.3 	120.7 	121.2 	: 
Q,SCA,I20,H,D1_D4_MD5,DK	108.4 	112.9 	108.1 	107.9 	108.7 	112.0 	110.6 	111.8 	111.4 	111.6 	113.1 	: 
Q,SCA,I20,H,D1_D4_MD5,EA	108.9 	110.5 	112.2 	112.8 	114.6 	115.5 	116.8 	118.0 	118.6 	119.7 	120.6 	: 
Q,SCA,I20,H,D1_D4_MD5,EA20	108.4 	110.2 	112.0 	112.5 	114.4 	115.4 	116.7 	118.0 	118.6 	119.7 	120.6 	: 
Q,SCA,I20,H,D1_D4_MD5,EE	120.6 	119.3 	125.9 	122.2 	122.8 	132.9 	126.7 	131.1 	133.2 	131.9 	137.5 	: 
Q,SCA,I20,H,D1_D4_MD5,EL	115.4 	116.4 	109.4 	127.7 	123.3 	125.9 	131.6 	130.1 	142.7 	149.1 	153.6 	: 
Q,SCA,I20,H,D1_D4_MD5,ES	103.5 p	105.3 p	106.5 p	107.8 p	108.2 p	109.9 p	111.0 p	113.3 p	112.8 p	115.7 p	115.7 p	: 
Q,SCA,I20,H,D1_D4_MD5,EU	109.9 	111.9 	114.5 	114.6 	116.5 	117.7 	119.5 	120.7 	121.5 	122.8 	124.1 	: 
Q,SCA,I20,H,D1_D4_MD5,EU27_2020	109.5 	111.6 	114.3 	114.4 	116.5 	117.7 	119.4 	120.7 	121.4 	122.8 	124.1 	: 
Q,SCA,I20,H,D1_D4_MD5,FI	109.1 p	108.1 p	110.6 p	112.0 p	112.6 p	110.0 p	111.7 p	111.9 p	111.6 p	114.8 p	113.6 p	: 
Q,SCA,I20,H,D1_D4_MD5,FR	108.4 	109.0 	110.4 	110.5 	111.4 	114.6 	115.3 	115.9 p	116.7 p	116.6 p	117.1 p	: 
Q,SCA,I20,H,D1_D4_MD5,HR	108.6 	115.0 	118.2 	121.5 	124.4 	128.4 	132.4 	134.4 	137.6 	141.2 	146.2 	: 
Q,SCA,I20,H,D1_D4_MD5,HU	124.2 	128.4 	133.7 	135.4 	140.3 	149.6 	151.4 	156.7 p	159.7 p	160.0 p	165.6 p	: 
Q,SCA,I20,H,D1_D4_MD5,IE	: @C	: @C	: @C	: @C	: @C	: @C	: @C	: @C	: @C	: @C	: @C	: 
Q,SCA,I20,H,D1_D4_MD5,IS	116.3 p	120.7 p	122.1 p	124.3 p	126.6 p	127.1 p	130.8 p	132.9 p	134.7 p	136.9 p	139.8 p	: 
Q,SCA,I20,H,D1_D4_MD5,IT	100.3 	102.0 	103.0 	103.3 	105.1 	104.3 	105.1 	106.7 	105.8 	107.4 	109.8 	: 
Q,SCA,I20,H,D1_D4_MD5,LT	121.8 	125.9 	129.2 	133.1 	135.8 	139.1 	141.9 	143.4 	146.3 	150.8 	155.1 	: 
Q,SCA,I20,H,D1_D4_MD5,LU	108.4 	110.9 	132.7 	117.6 	117.8 	117.1 	115.9 	119.9 	119.5 	122.0 	124.4 	: 
Q,SCA,I20,H,D1_D4_MD5,LV	114.8 p	116.4 p	125.6 p	126.3 p	130.5 p	136.7 p	142.1 p	148.2 p	149.9 p	153.5 p	156.5 p	: 
Q,SCA,I20,H,D1_D4_MD5,MT	195.7 p	137.8 p	143.8 p	136.7 p	143.4 p	134.2 p	132.1 p	130.8 p	131.4 p	133.3 p	132.8 p	: 
Q,SCA,I20,H,D1_D4_MD5,NL	110.2 	113.8 	116.1 	116.4 	118.7 	119.4 p	120.3 p	123.0 p	124.6 p	126.6 p	: @C	: 
Q,SCA,I20,H,D1_D4_MD5,NO	112.1 p	113.6 p	118.2 p	115.5 p	120.7 p	121.8 p	124.5 p	127.5 p	129.6 p	130.8 p	136.5 p	: 
Q,SCA,I20,H,D1_D4_MD5,PL	135.4 	145.2 	152.5 	150.5 	157.1 	162.4 	164.7 	168.9 	170.4 	177.9 	183.7 	: 
Q,SCA,I20,H,D1_D4_MD5,PT	105.7 	106.5 	107.4 	109.3 	111.0 	113.1 p	115.5 p	116.6 p	117.9 p	118.6 p	119.1 p	: 
Q,SCA,I20,H,D1_D4_MD5,RO	124.6 	131.2 	137.2 	142.3 	151.1 	156.9 p	162.0 p	168.6 p	169.7 p	173.8 p	178.9 p	: 
Q,SCA,I20,H,D1_D4_MD5,RS	132.8 	135.2 	141.1 	146.0 	151.0 	156.2 	162.8 	166.3 	173.0 	179.4 p	180.2 p	: 
Q,SCA,I20,H,D1_D4_MD5,SE	108.4 	109.5 	112.0 	112.5 	114.0 	114.3 	115.4 	117.2 	117.8 	120.4 	121.2 	: 
Q,SCA,I20,H,D1_D4_MD5,SI	121.6 p	120.5 p	125.5 p	127.1 p	131.8 p	133.7 p	136.9 p	137.0 p	143.8 p	146.8 p	147.1 p	: 
Q,SCA,I20,H,D1_D4_MD5,SK	118.4 	118.6 	123.5 	127.9 	130.7 	132.2 p	134.7 p	134.9 p	138.0 p	141.6 p	143.4 p	: 
Q,SCA,I20,H,D1_D4_MD5,TR	272.3 	361.8 	397.9 	472.1 	553.8 	721.2 	796.6 	870.4 	950.5 	1010.0 	1131.9 	: 
Q,SCA,I20,I,D1_D4_MD5,AT	114.3 	109.4 	113.7 	115.6 	116.3 	119.0 	118.0 	123.2 	125.4 	131.2 	134.9 p	: 
Q,SCA,I20,I,D1_D4_MD5,BE	105.1 	114.8 	115.5 	116.1 	116.6 	117.2 	117.7 	118.3 	119.0 	121.1 	121.8 p	: 
Q,SCA,I20,I,D1_D4_MD5,BG	156.1 	139.4 p	141.7 p	149.8 p	165.1 p	173.7 p	179.0 p	174.8 p	185.7 p	199.3 p	194.8 p	: 
Q,SCA,I20,I,D1_D4_MD5,CY	134.9 	136.1 	139.1 	140.2 	142.5 	144.3 p	146.6 p	148.3 p	150.8 p	151.6 p	153.2 p	: 
Q,SCA,I20,I,D1_D4_MD5,CZ	93.8 	90.8 	94.9 	96.8 	98.4 	100.4 p	101.2 p	102.6 p	105.5 p	110.0 p	113.1 p	: 
Q,SCA,I20,I,D1_D4_MD5,DE	122.9 	118.9 	120.8 	122.7 	126.9 	127.1 	127.6 	128.1 	129.7 	129.4 	130.1 	: 
Q,SCA,I20,I,D1_D4_MD5,DK	22.2 	22.1 	22.1 	22.4 	22.6 	22.7 	23.0 	23.1 	23.2 	23.5 	23.7 	: 
Q,SCA,I20,I,D1_D4_MD5,EA	112.7 	112.8 	114.8 	116.1 	117.8 	119.6 	119.9 	121.4 	120.8 	124.1 	124.7 	: 
Q,SCA,I20,I,D1_D4_MD5,EA20	113.0 	112.9 	115.2 	116.4 	118.3 	119.9 	120.5 	122.1 	121.7 	124.1 	124.7 	: 
Q,SCA,I20,I,D1_D4_MD5,EE	117.8 	127.0 	132.8 	131.8 	138.3 	133.5 	138.5 	139.3 	139.4 	138.8 	147.4 	: 
Q,SCA,I20,I,D1_D4_MD5,EL	143.3 	136.0 	144.7 	160.5 	170.7 	186.1 	189.9 	186.7 	174.0 	186.4 	193.5 	: 
Q,SCA,I20,I,D1_D4_MD5,ES	103.4 p	104.0 p	107.0 p	107.0 p	109.6 p	110.3 p	111.2 p	113.2 p	112.8 p	113.7 p	115.0 p	: 
Q,SCA,I20,I,D1_D4_MD5,EU	108.8 	109.5 	111.3 	112.4 	114.3 	116.2 	116.8 	118.0 	118.1 	120.8 	121.7 	: 
Q,SCA,I20,I,D1_D4_MD5,EU27_2020	108.9 	109.6 	111.6 	112.6 	114.7 	116.4 	117.2 	118.5 	118.7 	120.8 	121.7 	: 
Q,SCA,I20,I,D1_D4_MD5,FI	106.1 p	102.8 p	105.2 p	109.8 p	107.6 p	111.8 p	108.5 p	107.7 p	111.1 p	109.2 p	111.5 p	: 
Q,SCA,I20,I,D1_D4_MD5,FR	114.5 	115.7 	116.0 	117.1 	119.1 	118.7 	119.1 	120.0 p	121.1 p	121.0 p	120.8 p	: 
Q,SCA,I20,I,D1_D4_MD5,HR	113.3 	117.8 	122.9 	131.1 	137.6 	139.5 	143.7 	144.4 	149.1 	152.7 	150.1 	: 
Q,SCA,I20,I,D1_D4_MD5,HU	133.0 	140.6 	145.9 	149.6 	156.7 	161.1 	166.2 	171.4 p	176.9 p	180.9 p	187.0 p	: 
Q,SCA,I20,I,D1_D4_MD5,IE	: @C	: @C	: @C	: @C	: @C	: @C	: @C	: @C	: @C	: @C	: @C	: 
Q,SCA,I20,I,D1_D4_MD5,IS	123.5 p	126.5 p	128.5 p	131.3 p	133.8 p	135.9 p	139.2 p	141.8 p	144.5 p	147.6 p	150.5 p	: 
Q,SCA,I20,I,D1_D4_MD5,IT	97.4 	97.7 	99.9 	99.6 	101.2 	100.3 	100.9 	104.4 	103.5 	106.6 	104.6 	: 
Q,SCA,I20,I,D1_D4_MD5,LT	147.2 	151.6 	154.4 	157.6 	158.5 	164.7 	168.8 	174.1 	171.8 	177.6 	184.9 	: 
Q,SCA,I20,I,D1_D4_MD5,LU	104.3 	108.1 	109.1 	113.2 	114.6 	112.4 	114.1 	114.1 	115.1 	117.0 	117.9 	: 
Q,SCA,I20,I,D1_D4_MD5,LV	105.2 p	107.1 p	111.5 p	113.3 p	117.5 p	125.0 p	128.7 p	130.9 p	136.9 p	138.9 p	143.6 p	: 
Q,SCA,I20,I,D1_D4_MD5,MT	204.3 p	209.8 p	198.7 p	193.1 p	235.2 p	245.2 p	236.6 p	236.6 p	242.8 p	244.1 p	243.8 p	: 
Q,SCA,I20,I,D1_D4_MD5,NL	101.6 	104.9 	108.2 	108.1 	109.7 	113.4 p	115.9 p	117.0 p	117.4 p	119.6 p	: @C	: 
Q,SCA,I20,I,D1_D4_MD5,NO	103.0 p	102.7 p	105.2 p	107.9 p	109.3 p	114.0 p	114.4 p	114.1 p	118.1 p	121.2 p	120.9 p	: 
Q,SCA,I20,I,D1_D4_MD5,PL	124.5 	127.9 	132.1 	135.5 	140.0 	145.3 	148.9 	154.0 	156.1 	161.0 	165.9 	: 
Q,SCA,I20,I,D1_D4_MD5,PT	104.1 	104.8 	104.9 	106.8 	108.4 	112.1 p	112.3 p	114.9 p	118.2 p	117.6 p	119.7 p	: 
Q,SCA,I20,I,D1_D4_MD5,RO	127.5 	134.5 	138.0 	139.1 	151.6 	170.7 p	167.8 p	173.8 p	176.7 p	194.5 p	186.8 p	: 
Q,SCA,I20,I,D1_D4_MD5,RS	110.4 	113.8 	115.8 	118.9 	123.5 	130.6 	134.3 	138.7 	143.5 	149.0 p	151.9 p	: 
Q,SCA,I20,I,D1_D4_MD5,SE	107.6 	107.8 	110.5 	112.3 	113.5 	114.9 	116.5 	117.7 	118.6 	119.8 	120.7 	: 
Q,SCA,I20,I,D1_D4_MD5,SI	123.3 p	125.8 p	131.4 p	133.2 p	138.3 p	138.7 p	142.0 p	141.8 p	147.7 p	151.2 p	151.8 p	: 
Q,SCA,I20,I,D1_D4_MD5,SK	121.9 	114.3 	129.0 	133.7 	133.1 	133.2 p	139.1 p	143.3 p	142.5 p	148.1 p	155.2 p	: 
Q,SCA,I20,I,D1_D4_MD5,TR	276.2 	378.2 	423.6 	540.3 	600.3 	756.7 	858.4 	909.0 	998.6 	1054.1 	1202.6 	: 
Q,SCA,I20,J,D1_D4_MD5,AT	101.9 	104.3 	107.9 	109.2 	113.6 	114.7 	119.7 	124.3 	124.9 	127.9 	126.1 p	: 
Q,SCA,I20,J,D1_D4_MD5,BE	106.2 	115.3 	116.0 	116.5 	117.0 	117.4 	117.9 	118.5 	119.1 	121.5 	122.1 p	: 
Q,SCA,I20,J,D1_D4_MD5,BG	132.2 	134.5 p	141.6 p	141.8 p	144.5 p	152.6 p	152.7 p	157.3 p	158.5 p	165.4 p	165.9 p	: 
Q,SCA,I20,J,D1_D4_MD5,CY	123.1 	127.9 	130.0 	131.4 	131.8 	134.0 p	135.2 p	136.8 p	138.7 p	140.3 p	141.9 p	: 
Q,SCA,I20,J,D1_D4_MD5,CZ	114.9 	117.7 	121.1 	123.5 	124.4 	127.3 p	131.2 p	132.5 p	136.1 p	139.5 p	140.7 p	: 
Q,SCA,I20,J,D1_D4_MD5,DE	110.4 	109.3 	112.0 	111.6 	112.4 	114.8 	116.9 	116.7 	118.8 	116.2 	118.7 	: 
Q,SCA,I20,J,D1_D4_MD5,DK	106.6 	107.6 	108.1 	108.9 	109.7 	110.4 	112.2 	113.1 	113.9 	114.2 	116.0 	: 
Q,SCA,I20,J,D1_D4_MD5,EA	108.3 	110.3 	111.3 	112.3 	113.6 	115.4 	116.5 	117.7 	118.9 	119.6 	120.4 	: 
Q,SCA,I20,J,D1_D4_MD5,EA20	108.2 	109.7 	111.0 	111.9 	113.2 	115.1 	116.3 	117.4 	118.6 	119.7 	120.4 	: 
Q,SCA,I20,J,D1_D4_MD5,EE	122.5 	128.5 	136.2 	134.8 	139.9 	146.1 	144.0 	152.4 	154.7 	155.1 	162.5 	: 
Q,SCA,I20,J,D1_D4_MD5,EL	113.2 	126.0 	128.5 	131.5 	129.6 	134.1 	135.9 	133.1 	139.2 	143.5 	147.4 	: 
Q,SCA,I20,J,D1_D4_MD5,ES	103.8 p	107.7 p	108.6 p	110.9 p	113.4 p	115.6 p	116.4 p	117.4 p	117.8 p	121.2 p	121.7 p	: 
Q,SCA,I20,J,D1_D4_MD5,EU	109.9 	111.5 	112.9 	114.1 	115.5 	117.4 	118.6 	119.9 	121.3 	122.4 	123.2 	: 
Q,SCA,I20,J,D1_D4_MD5,EU27_2020	109.7 	111.1 	112.6 	113.7 	115.0 	117.1 	118.4 	119.6 	121.0 	122.4 	123.2 	: 
Q,SCA,I20,J,D1_D4_MD5,FI	104.9 p	106.1 p	109.3 p	107.3 p	109.1 p	108.2 p	109.4 p	112.5 p	113.6 p	114.4 p	115.8 p	: 
Q,SCA,I20,J,D1_D4_MD5,FR	104.7 	105.0 	106.5 	107.2 	108.3 	108.9 	109.6 	110.3 p	111.5 p	112.9 p	113.3 p	: 
Q,SCA,I20,J,D1_D4_MD5,HR	120.6 	126.9 	130.7 	132.3 	133.8 	135.9 	141.7 	143.2 	146.6 	150.1 	152.2 	: 
Q,SCA,I20,J,D1_D4_MD5,HU	126.2 	131.1 	135.1 	139.3 	142.0 	146.5 	152.3 	156.0 p	161.0 p	164.1 p	167.5 p	: 
Q,SCA,I20,J,D1_D4_MD5,IE	118.9 	121.4 	123.5 	126.1 	129.3 	134.1 	139.2 	138.4 	139.7 	143.9 	137.6 p	: 
Q,SCA,I20,J,D1_D4_MD5,IS	121.4 p	124.4 p	127.0 p	124.1 p	128.3 p	140.1 p	129.4 p	134.6 p	135.6 p	140.5 p	146.9 p	: 
Q,SCA,I20,J,D1_D4_MD5,IT	103.7 	104.7 	105.5 	104.5 	105.4 	106.2 	107.6 	109.3 	109.6 	110.5 	111.4 	: 
Q,SCA,I20,J,D1_D4_MD5,LT	142.0 	144.9 	146.4 	148.5 	153.1 	158.4 	163.2 	164.8 	170.6 	176.1 	175.1 	: 
Q,SCA,I20,J,D1_D4_MD5,LU	105.8 	106.1 	106.9 	113.0 	114.2 	113.5 	112.9 	111.6 	112.6 	116.1 	116.1 	: 
Q,SCA,I20,J,D1_D4_MD5,LV	120.0 p	123.7 p	129.7 p	130.3 p	135.5 p	138.6 p	140.1 p	142.7 p	144.7 p	145.5 p	147.7 p	: 
Q,SCA,I20,J,D1_D4_MD5,MT	101.7 p	101.8 p	102.0 p	103.2 p	103.6 p	107.1 p	104.1 p	105.9 p	101.8 p	105.6 p	104.0 p	: 
Q,SCA,I20,J,D1_D4_MD5,NL	114.0 	115.7 	117.2 	119.3 	122.2 	121.5 p	124.3 p	126.0 p	128.7 p	133.7 p	: @C	: 
Q,SCA,I20,J,D1_D4_MD5,NO	110.0 p	110.9 p	114.9 p	115.6 p	121.0 p	119.8 p	123.1 p	125.0 p	127.4 p	127.7 p	130.4 p	: 
Q,SCA,I20,J,D1_D4_MD5,PL	131.8 	131.0 	135.8 	139.0 	138.0 	144.0 	145.8 	147.9 	151.0 	155.8 	159.5 	: 
Q,SCA,I20,J,D1_D4_MD5,PT	116.9 	119.2 	120.2 	122.0 	124.0 	126.3 p	129.4 p	130.4 p	132.7 p	133.7 p	134.7 p	: 
Q,SCA,I20,J,D1_D4_MD5,RO	134.1 	138.7 	144.5 	146.7 	151.2 	156.9 p	161.1 p	164.1 p	167.8 p	179.0 p	176.6 p	: 
Q,SCA,I20,J,D1_D4_MD5,RS	171.7 	169.6 	178.5 	183.3 	186.0 	191.2 	198.5 	199.6 	204.7 	211.0 p	212.0 p	: 
Q,SCA,I20,J,D1_D4_MD5,SE	110.2 	108.5 	110.7 	111.8 	113.6 	114.9 	115.7 	116.8 	117.8 	119.2 	119.9 	: 
Q,SCA,I20,J,D1_D4_MD5,SI	117.1 p	114.9 p	123.1 p	120.8 p	127.2 p	127.6 p	131.6 p	129.3 p	138.3 p	141.9 p	140.5 p	: 
Q,SCA,I20,J,D1_D4_MD5,SK	117.2 	120.1 	124.9 	127.2 	127.6 	129.4 p	130.9 p	130.0 p	134.0 p	138.7 p	140.4 p	: 
Q,SCA,I20,J,D1_D4_MD5,TR	276.6 	376.5 	413.0 	519.0 	612.2 	748.8 	960.8 	962.8 	1087.1 	1208.2 	1369.2 	: 
Q,SCA,I20,K,D1_D4_MD5,AT	110.3 	112.1 	117.2 	114.5 	120.0 	119.6 	119.8 	127.8 	122.4 	127.0 	129.9 p	: 
Q,SCA,I20,K,D1_D4_MD5,BE	108.9 	116.0 	116.1 	116.4 	117.2 	117.8 	118.7 	119.7 	120.5 	121.7 	122.7 p	: 
Q,SCA,I20,K,D1_D4_MD5,BG	124.8 	125.8 p	124.8 p	132.4 p	137.0 p	139.5 p	140.7 p	148.0 p	150.2 p	158.8 p	161.9 p	: 
Q,SCA,I20,K,D1_D4_MD5,CY	109.2 	111.9 	112.8 	114.6 	116.1 	117.4 p	119.7 p	120.6 p	122.2 p	123.7 p	125.2 p	: 
Q,SCA,I20,K,D1_D4_MD5,CZ	114.6 	117.0 	119.3 	120.7 	122.1 	123.5 p	125.7 p	127.4 p	130.3 p	133.0 p	135.4 p	: 
Q,SCA,I20,K,D1_D4_MD5,DE	110.6 	110.5 	112.3 	113.6 	114.9 	121.8 	119.6 	118.7 	117.8 	116.1 	123.6 	: 
Q,SCA,I20,K,D1_D4_MD5,DK	107.6 	109.8 	111.2 	112.5 	113.4 	113.9 	113.3 	114.9 	115.5 	115.8 	117.2 	: 
Q,SCA,I20,K,D1_D4_MD5,EA	108.3 	109.2 	110.3 	111.6 	113.2 	114.5 	115.5 	116.5 	117.1 	117.5 	118.9 	: 
Q,SCA,I20,K,D1_D4_MD5,EA20	108.0 	108.8 	110.0 	111.1 	112.6 	114.1 	114.6 	115.9 	116.3 	117.5 	118.9 	: 
Q,SCA,I20,K,D1_D4_MD5,EE	115.7 	118.8 	122.8 	126.2 	127.9 	129.4 	132.1 	136.9 	140.1 	142.7 	147.5 	: 
Q,SCA,I20,K,D1_D4_MD5,EL	114.8 	113.9 	120.3 	128.9 	114.5 	112.3 	111.2 	130.0 	124.0 	129.8 	127.2 	: 
Q,SCA,I20,K,D1_D4_MD5,ES	102.7 p	104.0 p	104.7 p	106.7 p	107.0 p	109.4 p	111.2 p	112.0 p	113.3 p	113.3 p	114.2 p	: 
Q,SCA,I20,K,D1_D4_MD5,EU	108.9 	110.0 	111.3 	112.7 	114.2 	115.6 	116.7 	117.8 	118.7 	119.4 	120.8 	: 
Q,SCA,I20,K,D1_D4_MD5,EU27_2020	108.7 	109.6 	111.0 	112.2 	113.7 	115.3 	116.0 	117.4 	118.1 	119.3 	120.8 	: 
Q,SCA,I20,K,D1_D4_MD5,FI	109.1 p	109.9 p	112.1 p	113.6 p	111.6 p	109.9 p	109.6 p	109.6 p	111.4 p	113.4 p	114.2 p	: 
Q,SCA,I20,K,D1_D4_MD5,FR	109.2 	109.2 	109.5 	109.5 	112.1 	112.1 	112.7 	114.3 p	114.1 p	117.5 p	116.4 p	: 
Q,SCA,I20,K,D1_D4_MD5,HR	109.6 	112.4 	118.2 	120.4 	122.0 	123.6 	127.1 	131.5 	135.3 	139.4 	139.6 	: 
Q,SCA,I20,K,D1_D4_MD5,HU	121.2 	127.6 	133.5 	138.0 	144.0 	146.7 	147.8 	151.9 p	155.1 p	157.4 p	161.4 p	: 
Q,SCA,I20,K,D1_D4_MD5,IE	108.3 	109.1 	108.8 	108.6 	110.7 	112.6 	115.4 	114.5 	114.3 	121.1 	116.8 p	: 
Q,SCA,I20,K,D1_D4_MD5,IS	116.3 p	121.2 p	123.0 p	123.7 p	124.9 p	128.3 p	123.9 p	128.8 p	130.5 p	132.5 p	138.9 p	: 
Q,SCA,I20,K,D1_D4_MD5,IT	101.3 	102.5 	101.9 	102.2 	106.5 	105.0 	106.5 	108.7 	108.3 	111.7 	113.2 	: 
Q,SCA,I20,K,D1_D4_MD5,LT	131.2 	132.9 	133.6 	136.6 	139.5 	143.9 	147.4 	149.1 	150.8 	156.2 	162.8 	: 
Q,SCA,I20,K,D1_D4_MD5,LU	108.8 	111.8 	113.3 	115.8 	115.7 	114.3 	114.9 	116.5 	117.5 	118.2 	116.0 	: 
Q,SCA,I20,K,D1_D4_MD5,LV	115.7 p	118.5 p	120.6 p	122.6 p	124.8 p	127.0 p	130.2 p	132.8 p	135.6 p	138.2 p	140.8 p	: 
Q,SCA,I20,K,D1_D4_MD5,MT	104.4 p	107.6 p	108.7 p	108.5 p	109.8 p	108.8 p	106.6 p	106.2 p	103.3 p	110.4 p	110.1 p	: 
Q,SCA,I20,K,D1_D4_MD5,NL	108.4 	108.6 	109.1 	110.7 	112.3 	109.4 p	113.3 p	115.2 p	117.3 p	118.9 p	: @C	: 
Q,SCA,I20,K,D1_D4_MD5,NO	109.6 p	113.3 p	114.4 p	115.2 p	116.2 p	115.5 p	121.6 p	124.4 p	127.3 p	129.9 p	136.8 p	: 
Q,SCA,I20,K,D1_D4_MD5,PL	125.9 	128.8 	136.9 	142.7 	139.9 	145.1 	151.3 	151.4 	161.6 	162.3 	163.2 	: 
Q,SCA,I20,K,D1_D4_MD5,PT	96.3 	98.7 	98.6 	100.0 	101.5 	105.0 p	109.8 p	110.4 p	111.5 p	110.1 p	109.4 p	: 
Q,SCA,I20,K,D1_D4_MD5,RO	121.4 	127.4 	130.0 	132.0 	136.6 	141.8 p	147.5 p	150.5 p	155.9 p	167.9 p	170.1 p	: 
Q,SCA,I20,K,D1_D4_MD5,RS	122.6 	124.3 	127.5 	131.6 	136.5 	138.9 	143.0 	147.1 	153.2 	165.3 p	162.2 p	: 
Q,SCA,I20,K,D1_D4_MD5,SE	110.5 	107.6 	108.2 	111.0 	113.6 	115.3 	115.7 	116.4 	118.0 	121.2 	121.8 	: 
Q,SCA,I20,K,D1_D4_MD5,SI	119.4 p	120.7 p	127.0 p	123.6 p	128.7 p	126.1 p	130.3 p	131.3 p	135.6 p	137.6 p	135.4 p	: 
Q,SCA,I20,K,D1_D4_MD5,SK	114.7 	114.7 	117.3 	120.0 	125.1 	127.6 p	129.0 p	130.7 p	133.3 p	135.8 p	138.8 p	: 
Q,SCA,I20,K,D1_D4_MD5,TR	254.3 	361.5 	370.3 	470.4 	491.4 	702.5 	774.6 	876.2 	884.7 	986.8 	1181.3 	: 
Q,SCA,I20,K-N,D1_D4_MD5,AT	108.9 	111.2 	117.5 	117.1 	121.2 	123.8 	125.3 	128.2 	126.7 	128.1 	: @C	: 
Q,SCA,I20,K-N,D1_D4_MD5,BE	109.1 	114.8 	115.3 	116.0 	116.9 	117.1 	118.1 	119.0 	119.7 	121.1 	121.9 p	: 
Q,SCA,I20,K-N,D1_D4_MD5,BG	131.3 	133.2 	136.2 	140.6 	143.9 	153.0 	155.7 	160.7 	165.0 	175.1 	180.3 	: 
Q,SCA,I20,K-N,D1_D4_MD5,CY	110.1 	114.0 	116.2 	115.4 	116.8 	119.3 p	121.2 p	122.0 p	123.5 p	124.8 p	126.3 p	: 
Q,SCA,I20,K-N,D1_D4_MD5,CZ	113.2 	115.1 	117.3 	119.5 	120.8 	124.6 p	127.0 p	129.2 p	132.9 p	137.1 p	140.5 p	: 
Q,SCA,I20,K-N,D1_D4_MD5,DE	117.4 	112.0 	113.2 	116.5 	117.2 	121.8 	121.3 	121.8 	122.0 	129.1 	131.9 	: 
Q,SCA,I20,K-N,D1_D4_MD5,DK	108.2 	109.2 	110.4 	112.5 	112.6 	113.4 	114.7 	115.8 	116.0 	116.7 	117.7 	: 
Q,SCA,I20,K-N,D1_D4_MD5,EA	110.5 	110.6 	111.4 	113.0 	114.2 	116.4 	117.0 	118.0 	118.7 	121.3 	122.7 	: 
Q,SCA,I20,K-N,D1_D4_MD5,EA20	110.1 	109.9 	110.9 	112.6 	113.9 	115.7 	116.6 	118.0 	118.9 	121.4 	122.8 	: 
Q,SCA,I20,K-N,D1_D4_MD5,EE	121.2 	129.9 	133.2 	134.7 	140.6 	137.8 	140.0 	141.0 	145.7 	155.8 	161.0 	: 
Q,SCA,I20,K-N,D1_D4_MD5,EL	117.1 	115.5 	120.1 	126.4 	122.2 	123.9 	125.5 	128.8 	135.2 	137.6 	140.3 	: 
Q,SCA,I20,K-N,D1_D4_MD5,ES	103.9 p	106.0 p	107.8 p	109.1 p	111.1 p	111.8 p	112.7 p	114.8 p	116.3 p	115.7 p	118.7 p	: 
Q,SCA,I20,K-N,D1_D4_MD5,EU	111.0 	111.3 	112.3 	113.9 	115.2 	117.5 	118.2 	119.3 	120.2 	122.9 	124.4 	: 
Q,SCA,I20,K-N,D1_D4_MD5,EU27_2020	110.7 	110.7 	111.9 	113.5 	115.0 	116.8 	117.8 	119.3 	120.5 	122.9 	124.3 	: 
Q,SCA,I20,K-N,D1_D4_MD5,FI	107.2 p	107.7 p	111.9 p	112.1 p	112.8 p	111.0 p	112.2 p	113.3 p	114.9 p	117.7 p	117.9 p	: 
Q,SCA,I20,K-N,D1_D4_MD5,FR	105.5 	105.9 	106.7 	107.3 	109.1 	109.2 	110.3 	111.0 p	112.1 p	112.7 p	112.7 p	: 
Q,SCA,I20,K-N,D1_D4_MD5,HR	114.6 	119.9 	125.7 	128.6 	130.6 	132.9 	138.2 	142.3 	146.6 	151.2 	153.6 	: 
Q,SCA,I20,K-N,D1_D4_MD5,HU	126.0 	132.5 	136.3 	140.0 	145.6 	148.7 	152.7 	156.9 p	159.9 p	163.7 p	167.7 p	: 
Q,SCA,I20,K-N,D1_D4_MD5,IE	113.1 	117.6 	119.1 	121.0 	122.3 	123.4 	126.9 	125.9 	127.6 	132.9 	131.6 p	: 
Q,SCA,I20,K-N,D1_D4_MD5,IS	118.8 p	122.8 p	126.1 p	125.6 p	127.9 p	133.2 p	127.5 p	132.7 p	135.3 p	137.1 p	144.5 p	: 
Q,SCA,I20,K-N,D1_D4_MD5,IT	101.6 	101.4 	102.4 	102.1 	102.5 	102.7 	104.9 	106.7 	108.0 	108.8 	109.9 	: 
Q,SCA,I20,K-N,D1_D4_MD5,LT	137.9 	143.1 	145.9 	152.0 	156.5 	157.4 	161.3 	164.8 	167.0 	170.8 	174.7 	: 
Q,SCA,I20,K-N,D1_D4_MD5,LU	109.4 	112.5 	113.7 	116.7 	116.5 	115.7 	118.6 	117.0 	119.0 	119.6 	118.4 	: 
Q,SCA,I20,K-N,D1_D4_MD5,LV	119.1 	121.7 	125.0 	127.0 	129.6 	135.8 	139.4 	142.5 	146.6 	151.5 	152.7 	: 
Q,SCA,I20,K-N,D1_D4_MD5,MT	109.0 p	112.5 p	115.6 p	113.7 p	113.3 p	112.4 p	111.2 p	111.4 p	110.6 p	113.1 p	112.6 p	: 
Q,SCA,I20,K-N,D1_D4_MD5,NL	110.1 	112.7 	113.7 	114.3 	117.4 	119.3 p	121.6 p	121.9 p	123.7 p	126.5 p	: @C	: 
Q,SCA,I20,K-N,D1_D4_MD5,NO	107.3 p	109.7 p	113.3 p	115.1 p	117.0 p	117.9 p	120.2 p	123.2 p	125.5 p	138.1 p	131.7 p	: 
Q,SCA,I20,K-N,D1_D4_MD5,PL	124.0 	128.1 	136.6 	140.3 	142.1 	146.3 	150.1 	153.3 	159.2 	161.8 	164.5 	: 
Q,SCA,I20,K-N,D1_D4_MD5,PT	101.6 	104.9 	105.1 	107.2 	108.6 	111.1 p	114.7 p	116.2 p	118.6 p	118.9 p	119.7 p	: 
Q,SCA,I20,K-N,D1_D4_MD5,RO	125.5 	132.0 	136.5 	139.0 	144.7 	149.0 p	153.7 p	158.6 p	161.3 p	173.1 p	173.9 p	: 
Q,SCA,I20,K-N,D1_D4_MD5,RS	138.0 	141.8 	144.1 	149.0 	152.6 	156.9 	162.5 	167.1 	173.3 	183.4 p	184.3 p	: 
Q,SCA,I20,K-N,D1_D4_MD5,SE	110.3 	110.2 	111.8 	112.6 	114.6 	114.9 	116.1 	117.2 	118.3 	119.8 	120.6 	: 
Q,SCA,I20,K-N,D1_D4_MD5,SI	118.3 	120.3 	126.1 	124.1 	131.7 	129.7 	135.1 	131.4 	140.1 	141.6 	139.7 	: 
Q,SCA,I20,K-N,D1_D4_MD5,SK	120.6 	120.3 	127.2 	127.0 	129.6 	129.0 p	132.4 p	134.2 p	137.1 p	139.6 p	140.6 p	: 
Q,SCA,I20,K-N,D1_D4_MD5,TR	252.5 	349.1 	380.0 	477.6 	517.8 	722.0 	804.1 	876.1 	931.7 	1037.3 	1191.6 	: 
Q,SCA,I20,L,D1_D4_MD5,AT	104.8 	105.3 	113.4 	106.8 	114.7 	115.5 	117.6 	117.0 	123.9 	129.7 	130.0 p	: 
Q,SCA,I20,L,D1_D4_MD5,BE	106.2 	115.4 	115.8 	116.3 	116.8 	117.2 	117.8 	118.4 	118.9 	121.3 	121.8 p	: 
Q,SCA,I20,L,D1_D4_MD5,BG	123.8 	118.3 p	121.0 p	125.6 p	133.5 p	141.5 p	151.3 p	154.9 p	164.3 p	168.8 p	176.5 p	: 
Q,SCA,I20,L,D1_D4_MD5,CY	115.5 	116.7 	117.9 	118.8 	118.9 	123.0 p	125.8 p	126.9 p	127.8 p	130.7 p	129.0 p	: 
Q,SCA,I20,L,D1_D4_MD5,CZ	120.9 	115.6 	118.0 	117.8 	119.1 	137.2 p	138.9 p	137.4 p	144.0 p	154.7 p	157.3 p	: 
Q,SCA,I20,L,D1_D4_MD5,DE	110.0 	114.3 	110.4 	109.8 	112.8 	112.7 	119.0 	115.3 	114.3 	119.6 	115.8 	: 
Q,SCA,I20,L,D1_D4_MD5,DK	108.9 	110.7 	112.2 	111.2 	112.2 	112.9 	116.4 	115.6 	116.2 	117.1 	117.7 	: 
Q,SCA,I20,L,D1_D4_MD5,EA	108.6 	111.4 	109.4 	109.9 	111.5 	110.8 	114.3 	114.0 	113.5 	116.5 	115.4 	: 
Q,SCA,I20,L,D1_D4_MD5,EA20	107.3 	110.3 	108.4 	108.7 	110.5 	110.1 	113.7 	113.7 	113.8 	116.6 	115.4 	: 
Q,SCA,I20,L,D1_D4_MD5,EE	127.4 	143.6 	145.1 	158.2 	162.7 	130.4 	133.5 	135.0 	140.2 	186.2 	190.4 	: 
Q,SCA,I20,L,D1_D4_MD5,EL	107.3 	106.5 	100.4 	103.7 	109.7 	111.2 	114.8 	115.5 	125.8 	116.3 	119.3 	: 
Q,SCA,I20,L,D1_D4_MD5,ES	100.0 p	104.1 p	103.1 p	106.9 p	104.6 p	103.0 p	104.7 p	109.7 p	108.6 p	110.7 p	110.6 p	: 
Q,SCA,I20,L,D1_D4_MD5,EU	109.3 	111.9 	110.6 	111.2 	113.0 	112.7 	116.0 	116.1 	116.0 	118.7 	118.0 	: 
Q,SCA,I20,L,D1_D4_MD5,EU27_2020	108.2 	110.8 	109.7 	110.0 	112.0 	112.0 	115.6 	115.8 	116.1 	118.7 	118.1 	: 
Q,SCA,I20,L,D1_D4_MD5,FI	107.0 p	108.1 p	112.1 p	110.4 p	111.4 p	108.2 p	108.1 p	114.7 p	115.1 p	114.9 p	117.5 p	: 
Q,SCA,I20,L,D1_D4_MD5,FR	103.2 	104.1 	103.4 	103.1 	104.3 	103.8 	105.1 	106.1 p	107.2 p	108.2 p	108.3 p	: 
Q,SCA,I20,L,D1_D4_MD5,HR	115.8 	124.5 	128.8 	133.0 	134.3 	137.4 	141.2 	142.7 	146.4 	150.6 	152.2 	: 
Q,SCA,I20,L,D1_D4_MD5,HU	131.8 	141.8 	146.2 	152.0 	162.5 	167.4 	172.6 	177.7 p	182.3 p	185.8 p	193.2 p	: 
Q,SCA,I20,L,D1_D4_MD5,IE	: @C	: @C	: @C	: @C	: @C	: @C	: @C	: @C	: @C	: @C	: @C	: 
Q,SCA,I20,L,D1_D4_MD5,IS	120.2 p	119.3 p	121.6 p	123.5 p	128.5 p	133.9 p	131.0 p	136.6 p	137.5 p	144.0 p	150.5 p	: 
Q,SCA,I20,L,D1_D4_MD5,IT	100.9 	101.1 	95.9 	94.8 	93.8 	93.9 	98.0 	99.7 	99.5 	100.7 	103.7 	: 
Q,SCA,I20,L,D1_D4_MD5,LT	143.2 	150.2 	152.2 	152.1 	157.1 	158.8 	165.6 	165.7 	168.1 	170.4 	174.7 	: 
Q,SCA,I20,L,D1_D4_MD5,LU	112.9 	112.3 	113.3 	116.8 	116.2 	114.1 	114.9 	114.4 	112.7 	116.2 	116.1 	: 
Q,SCA,I20,L,D1_D4_MD5,LV	113.2 p	119.0 p	124.9 p	122.3 p	128.3 p	132.4 p	136.0 p	144.5 p	148.6 p	158.2 p	153.0 p	: 
Q,SCA,I20,L,D1_D4_MD5,MT	110.8 p	107.6 p	107.3 p	106.9 p	107.8 p	123.0 p	120.9 p	121.6 p	121.2 p	121.2 p	120.3 p	: 
Q,SCA,I20,L,D1_D4_MD5,NL	107.2 	107.9 	108.8 	110.4 	110.0 	113.9 p	119.7 p	114.3 p	117.3 p	117.5 p	: @C	: 
Q,SCA,I20,L,D1_D4_MD5,NO	106.7 p	107.8 p	108.8 p	111.4 p	109.1 p	109.4 p	116.8 p	119.4 p	119.8 p	123.5 p	125.7 p	: 
Q,SCA,I20,L,D1_D4_MD5,PL	117.8 	125.7 	129.4 	130.3 	134.5 	140.4 	145.9 	148.2 	151.5 	153.3 	155.2 	: 
Q,SCA,I20,L,D1_D4_MD5,PT	108.1 	115.6 	114.5 	115.6 	117.9 	119.5 p	122.1 p	122.4 p	125.6 p	124.1 p	125.4 p	: 
Q,SCA,I20,L,D1_D4_MD5,RO	124.0 	127.7 	130.0 	132.9 	139.5 	152.6 p	155.3 p	161.2 p	170.0 p	168.0 p	172.0 p	: 
Q,SCA,I20,L,D1_D4_MD5,RS	130.9 	135.8 	140.1 	144.2 	149.6 	155.3 	158.3 	162.1 	167.2 	174.2 p	176.4 p	: 
Q,SCA,I20,L,D1_D4_MD5,SE	109.1 	108.5 	110.4 	110.9 	113.4 	113.1 	113.9 	115.3 	115.8 	118.7 	119.6 	: 
Q,SCA,I20,L,D1_D4_MD5,SI	114.8 p	117.8 p	122.0 p	121.0 p	125.0 p	126.7 p	131.6 p	133.6 p	137.7 p	139.7 p	139.2 p	: 
Q,SCA,I20,L,D1_D4_MD5,SK	128.0 	127.7 	148.4 	148.0 	148.7 	145.3 p	146.2 p	148.3 p	150.7 p	167.5 p	153.2 p	: 
Q,SCA,I20,L,D1_D4_MD5,TR	246.5 	368.5 	370.8 	534.3 	560.5 	793.5 	845.9 	1002.3 	903.0 	1078.0 	1211.2 	: 
Q,SCA,I20,M,D1_D4_MD5,AT	109.0 	111.1 	118.3 	120.3 	123.0 	125.0 	128.9 	129.8 	128.6 	127.1 	135.2 p	: 
Q,SCA,I20,M,D1_D4_MD5,BE	108.1 	114.7 	115.6 	116.2 	116.9 	117.3 	118.1 	119.0 	119.8 	121.1 	122.1 p	: 
Q,SCA,I20,M,D1_D4_MD5,BG	126.8 	131.1 p	135.6 p	140.5 p	139.9 p	150.7 p	155.7 p	158.7 p	164.3 p	172.8 p	178.1 p	: 
Q,SCA,I20,M,D1_D4_MD5,CY	109.6 	115.1 	118.5 	114.5 	115.7 	118.6 p	120.6 p	120.9 p	122.1 p	123.4 p	125.0 p	: 
Q,SCA,I20,M,D1_D4_MD5,CZ	112.0 	114.7 	116.8 	119.2 	120.2 	122.7 p	125.4 p	128.4 p	132.5 p	137.1 p	141.3 p	: 
Q,SCA,I20,M,D1_D4_MD5,DE	120.4 	108.3 	110.7 	116.0 	115.0 	119.5 	119.8 	120.8 	121.1 	135.1 	138.6 	: 
Q,SCA,I20,M,D1_D4_MD5,DK	106.9 	107.1 	108.5 	111.9 	110.8 	111.6 	114.0 	114.9 	114.7 	115.6 	116.8 	: 
Q,SCA,I20,M,D1_D4_MD5,EA	112.3 	109.3 	110.7 	112.6 	113.9 	116.0 	116.6 	117.5 	118.6 	122.9 	125.4 	: 
Q,SCA,I20,M,D1_D4_MD5,EA20	112.0 	108.6 	110.2 	112.2 	113.8 	115.2 	115.9 	117.6 	119.3 	122.9 	125.4 	: 
Q,SCA,I20,M,D1_D4_MD5,EE	126.7 	135.5 	139.8 	142.2 	153.1 	146.5 	148.1 	146.7 	157.4 	167.9 	176.7 	: 
Q,SCA,I20,M,D1_D4_MD5,EL	124.1 	121.8 	124.8 	129.0 	129.2 	134.8 	140.0 	129.2 	145.7 	148.4 	151.2 	: 
Q,SCA,I20,M,D1_D4_MD5,ES	104.6 p	106.3 p	108.8 p	110.1 p	113.5 p	113.7 p	114.3 p	117.5 p	118.7 p	115.5 p	121.7 p	: 
Q,SCA,I20,M,D1_D4_MD5,EU	111.4 	111.2 	112.1 	113.6 	114.8 	117.0 	117.9 	119.2 	120.3 	124.0 	126.5 	: 
Q,SCA,I20,M,D1_D4_MD5,EU27_2020	111.2 	110.6 	111.7 	113.2 	114.5 	116.3 	117.3 	119.1 	120.8 	124.0 	126.5 	: 
Q,SCA,I20,M,D1_D4_MD5,FI	109.3 p	108.6 p	114.1 p	111.1 p	111.5 p	110.0 p	111.2 p	112.4 p	113.4 p	116.7 p	115.5 p	: 
Q,SCA,I20,M,D1_D4_MD5,FR	103.6 	103.2 	104.2 	104.9 	106.9 	106.3 	107.4 	108.0 p	109.8 p	109.0 p	109.6 p	: 
Q,SCA,I20,M,D1_D4_MD5,HR	117.1 	122.4 	127.9 	131.1 	133.2 	135.9 	142.8 	146.8 	151.0 	155.5 	159.1 	: 
Q,SCA,I20,M,D1_D4_MD5,HU	129.8 	135.8 	138.3 	141.7 	147.6 	150.6 	155.6 	160.5 p	162.9 p	167.5 p	171.0 p	: 
Q,SCA,I20,M,D1_D4_MD5,IE	117.9 	122.1 	125.3 	130.3 	130.9 	131.2 	132.0 	133.0 	136.0 	140.3 	140.2 p	: 
Q,SCA,I20,M,D1_D4_MD5,IS	120.9 p	124.2 p	129.3 p	127.1 p	130.0 p	135.5 p	129.6 p	133.4 p	137.1 p	138.4 p	145.4 p	: 
Q,SCA,I20,M,D1_D4_MD5,IT	104.1 	106.4 	106.4 	106.3 	106.4 	106.8 	107.9 	112.3 	112.3 	112.5 	115.2 	: 
Q,SCA,I20,M,D1_D4_MD5,LT	142.9 	147.3 	151.6 	155.5 	161.0 	163.9 	165.7 	170.0 	174.4 	175.9 	178.8 	: 
Q,SCA,I20,M,D1_D4_MD5,LU	109.7 	113.2 	114.0 	117.3 	116.7 	117.0 	123.2 	116.3 	120.4 	120.8 	119.8 	: 
Q,SCA,I20,M,D1_D4_MD5,LV	129.6 p	132.8 p	136.4 p	140.6 p	142.7 p	147.8 p	151.6 p	152.5 p	158.7 p	163.7 p	165.2 p	: 
Q,SCA,I20,M,D1_D4_MD5,MT	103.6 p	104.6 p	109.7 p	105.8 p	103.2 p	103.4 p	102.9 p	103.5 p	103.7 p	103.4 p	102.2 p	: 
Q,SCA,I20,M,D1_D4_MD5,NL	109.1 	111.2 	112.7 	112.0 	116.0 	116.7 p	116.9 p	118.2 p	119.9 p	121.5 p	: @C	: 
Q,SCA,I20,M,D1_D4_MD5,NO	110.1 p	111.5 p	116.6 p	117.2 p	118.7 p	119.2 p	121.5 p	123.9 p	125.8 p	152.1 p	131.7 p	: 
Q,SCA,I20,M,D1_D4_MD5,PL	123.7 	128.5 	134.6 	137.6 	140.7 	143.8 	145.6 	149.7 	154.1 	157.1 	160.4 	: 
Q,SCA,I20,M,D1_D4_MD5,PT	111.8 	114.6 	114.3 	117.3 	117.5 	120.1 p	123.8 p	124.1 p	126.7 p	126.3 p	126.5 p	: 
Q,SCA,I20,M,D1_D4_MD5,RO	128.1 	128.9 	134.5 	137.7 	143.0 	149.7 p	154.5 p	158.0 p	159.9 p	172.1 p	174.6 p	: 
Q,SCA,I20,M,D1_D4_MD5,RS	148.9 	153.6 	156.1 	158.9 	161.8 	166.5 	172.8 	177.6 	183.6 	194.7 p	195.6 p	: 
Q,SCA,I20,M,D1_D4_MD5,SE	111.2 	111.2 	113.6 	113.6 	115.4 	114.2 	115.5 	116.6 	118.1 	119.4 	120.8 	: 
Q,SCA,I20,M,D1_D4_MD5,SI	116.8 p	119.2 p	124.2 p	122.5 p	130.6 p	128.3 p	134.6 p	128.4 p	139.7 p	140.4 p	138.3 p	: 
Q,SCA,I20,M,D1_D4_MD5,SK	111.4 	116.9 	123.5 	119.5 	119.8 	121.8 p	127.8 p	126.8 p	127.4 p	132.1 p	132.7 p	: 
Q,SCA,I20,M,D1_D4_MD5,TR	251.3 	354.1 	387.9 	471.0 	512.9 	697.2 	795.3 	828.7 	906.6 	989.8 	1128.6 	: 
Q,SCA,I20,N,D1_D4_MD5,AT	108.3 	111.8 	117.3 	117.5 	121.0 	127.9 	127.3 	128.8 	128.6 	129.9 	128.7 p	: 
Q,SCA,I20,N,D1_D4_MD5,BE	110.7 	113.9 	114.4 	115.3 	116.5 	116.2 	117.6 	118.7 	119.1 	120.6 	121.1 p	: 
Q,SCA,I20,N,D1_D4_MD5,BG	145.2 	146.7 p	151.5 p	152.3 p	158.2 p	171.8 p	171.5 p	177.1 p	180.3 p	195.6 p	202.5 p	: 
Q,SCA,I20,N,D1_D4_MD5,CY	114.0 	117.7 	121.0 	121.3 	122.8 	127.9 p	128.3 p	129.8 p	132.0 p	132.6 p	134.1 p	: 
Q,SCA,I20,N,D1_D4_MD5,CZ	111.3 	113.4 	115.7 	119.1 	120.5 	124.9 p	127.2 p	129.4 p	132.3 p	135.5 p	138.8 p	: 
Q,SCA,I20,N,D1_D4_MD5,DE	120.4 	119.9 	119.9 	122.3 	124.9 	128.6 	126.6 	128.5 	129.7 	132.0 	131.1 	: 
Q,SCA,I20,N,D1_D4_MD5,DK	110.7 	111.0 	111.7 	113.7 	114.5 	115.4 	117.2 	118.1 	118.4 	119.2 	119.7 	: 
Q,SCA,I20,N,D1_D4_MD5,EA	111.0 	112.3 	114.1 	115.4 	116.7 	118.6 	119.4 	120.6 	122.1 	123.3 	123.6 	: 
Q,SCA,I20,N,D1_D4_MD5,EA20	110.6 	111.8 	113.6 	114.9 	116.2 	118.5 	119.9 	120.7 	122.0 	123.3 	123.6 	: 
Q,SCA,I20,N,D1_D4_MD5,EE	118.6 	129.4 	131.6 	126.7 	131.5 	137.8 	139.7 	140.3 	139.6 	145.5 	147.1 	: 
Q,SCA,I20,N,D1_D4_MD5,EL	110.9 	110.0 	116.9 	123.1 	126.3 	129.6 	129.8 	129.6 	140.1 	137.7 	150.0 	: 
Q,SCA,I20,N,D1_D4_MD5,ES	104.4 p	107.1 p	109.1 p	109.8 p	112.0 p	112.1 p	112.8 p	114.2 p	116.2 p	118.1 p	119.0 p	: 
Q,SCA,I20,N,D1_D4_MD5,EU	111.4 	112.9 	114.9 	116.3 	117.8 	119.8 	120.7 	122.0 	123.5 	124.9 	125.3 	: 
Q,SCA,I20,N,D1_D4_MD5,EU27_2020	111.2 	112.6 	114.5 	115.9 	117.4 	119.7 	121.2 	122.2 	123.6 	125.0 	125.4 	: 
Q,SCA,I20,N,D1_D4_MD5,FI	103.8 p	105.0 p	109.4 p	112.4 p	115.4 p	113.4 p	115.7 p	116.3 p	118.6 p	122.0 p	122.9 p	: 
Q,SCA,I20,N,D1_D4_MD5,FR	105.5 	107.2 	108.5 	109.6 	110.5 	112.2 	113.7 	113.7 p	115.0 p	114.9 p	114.7 p	: 
Q,SCA,I20,N,D1_D4_MD5,HR	116.9 	125.1 	131.8 	134.9 	137.3 	139.7 	144.8 	149.2 	154.6 	160.2 	163.2 	: 
Q,SCA,I20,N,D1_D4_MD5,HU	125.0 	131.8 	135.4 	138.9 	142.9 	146.2 	151.0 	154.3 p	157.7 p	161.4 p	165.8 p	: 
Q,SCA,I20,N,D1_D4_MD5,IE	117.5 	127.4 	130.3 	130.7 	132.2 	133.6 	144.6 	137.3 	141.4 	145.0 	147.8 p	: 
Q,SCA,I20,N,D1_D4_MD5,IS	120.1 p	123.9 p	127.3 p	127.2 p	129.7 p	136.6 p	129.6 p	136.6 p	139.2 p	140.8 p	149.4 p	: 
Q,SCA,I20,N,D1_D4_MD5,IT	101.0 	98.2 	101.4 	100.6 	98.2 	99.7 	103.0 	102.8 	106.4 	105.8 	105.3 	: 
Q,SCA,I20,N,D1_D4_MD5,LT	135.3 	144.0 	146.5 	159.5 	163.8 	159.3 	165.5 	169.7 	169.5 	175.4 	178.9 	: 
Q,SCA,I20,N,D1_D4_MD5,LU	110.2 	113.4 	114.6 	118.7 	119.7 	117.8 	120.1 	121.5 	121.7 	122.7 	123.8 	: 
Q,SCA,I20,N,D1_D4_MD5,LV	113.6 p	113.3 p	115.6 p	117.7 p	119.6 p	131.5 p	135.4 p	138.4 p	141.3 p	145.9 p	148.6 p	: 
Q,SCA,I20,N,D1_D4_MD5,MT	122.0 p	129.2 p	132.7 p	131.2 p	130.9 p	127.5 p	126.7 p	127.0 p	127.6 p	128.1 p	128.0 p	: 
Q,SCA,I20,N,D1_D4_MD5,NL	112.7 	117.8 	118.5 	119.9 	123.3 	130.0 p	133.6 p	132.4 p	133.8 p	139.6 p	: @C	: 
Q,SCA,I20,N,D1_D4_MD5,NO	101.8 p	105.2 p	108.6 p	112.5 p	116.6 p	119.6 p	118.0 p	122.2 p	125.1 p	125.9 p	129.6 p	: 
Q,SCA,I20,N,D1_D4_MD5,PL	125.4 	128.9 	142.8 	145.9 	150.7 	154.9 	158.8 	164.3 	168.4 	173.1 	177.2 	: 
Q,SCA,I20,N,D1_D4_MD5,PT	99.1 	103.3 	104.2 	106.3 	108.1 	110.0 p	113.0 p	115.8 p	118.9 p	120.8 p	122.7 p	: 
Q,SCA,I20,N,D1_D4_MD5,RO	126.0 	138.4 	143.2 	145.4 	152.1 	152.9 p	157.0 p	164.4 p	165.7 p	178.1 p	176.2 p	: 
Q,SCA,I20,N,D1_D4_MD5,RS	136.7 	140.8 	142.0 	150.3 	153.8 	159.1 	165.2 	170.0 	176.6 	184.4 p	188.0 p	: 
Q,SCA,I20,N,D1_D4_MD5,SE	108.8 	110.8 	111.7 	112.7 	114.0 	116.3 	118.1 	119.1 	119.7 	119.3 	119.5 	: 
Q,SCA,I20,N,D1_D4_MD5,SI	120.8 p	122.6 p	130.2 p	129.2 p	139.3 p	138.1 p	142.9 p	138.1 p	147.4 p	149.5 p	148.4 p	: 
Q,SCA,I20,N,D1_D4_MD5,SK	139.1 	128.4 	135.8 	140.3 	145.7 	138.3 p	139.5 p	146.1 p	153.5 p	148.9 p	152.3 p	: 
Q,SCA,I20,N,D1_D4_MD5,TR	252.7 	336.5 	384.4 	482.3 	536.9 	744.3 	828.0 	891.9 	982.9 	1095.7 	1232.5 	: 
Q,SCA,I20,O,D1_D4_MD5,AT	109.9 	110.7 	111.7 	109.3 	115.8 	119.0 	117.7 	120.3 	118.2 	114.3 	116.0 p	: 
Q,SCA,I20,O,D1_D4_MD5,BE	105.8 	113.3 	114.2 	114.7 	115.3 	115.7 	116.0 	116.5 	116.9 	119.1 	119.6 p	: 
Q,SCA,I20,O,D1_D4_MD5,BG	132.1 	136.5 p	139.4 p	148.2 p	157.2 p	160.9 p	167.9 p	169.2 p	170.8 p	175.7 p	187.5 p	: 
Q,SCA,I20,O,D1_D4_MD5,CY	106.9 	109.3 	111.0 	112.9 	114.1 	114.9 p	116.9 p	118.0 p	119.0 p	121.9 p	123.0 p	: 
Q,SCA,I20,O,D1_D4_MD5,CZ	107.9 	110.3 	110.3 	111.8 	111.9 	111.1 p	112.8 p	113.5 p	114.9 p	117.5 p	118.8 p	: 
Q,SCA,I20,O,D1_D4_MD5,DE	105.5 	100.2 	103.6 	104.7 	108.0 	109.3 	109.9 	108.0 	110.6 	110.1 	112.2 	: 
Q,SCA,I20,O,D1_D4_MD5,DK	106.8 	106.6 	107.3 	107.6 	108.5 	110.7 	114.2 	114.0 	114.5 	115.9 	115.8 	: 
Q,SCA,I20,O,D1_D4_MD5,EA	106.6 	106.3 	108.1 	108.6 	110.5 	112.9 	113.1 	112.7 	113.6 	114.5 	115.4 	: 
Q,SCA,I20,O,D1_D4_MD5,EA20	106.9 	106.5 	108.5 	108.9 	110.7 	113.0 	113.2 	113.2 	113.8 	114.6 	115.4 	: 
Q,SCA,I20,O,D1_D4_MD5,EE	121.5 	125.9 	129.9 	132.7 	136.7 	135.4 	134.9 	138.6 	137.5 	140.1 	142.5 	: 
Q,SCA,I20,O,D1_D4_MD5,EL	89.6 	88.9 	88.2 	90.0 	88.4 	88.6 	88.2 	89.6 	90.4 	92.9 	97.0 	: 
Q,SCA,I20,O,D1_D4_MD5,ES	107.1 p	108.1 p	109.5 p	109.9 p	111.1 p	112.2 p	112.5 p	113.2 p	113.2 p	113.0 p	113.2 p	: 
Q,SCA,I20,O,D1_D4_MD5,EU	107.2 	107.0 	108.9 	109.7 	111.7 	114.0 	114.6 	114.4 	115.4 	116.5 	117.3 	: 
Q,SCA,I20,O,D1_D4_MD5,EU27_2020	107.4 	107.1 	109.3 	109.9 	111.8 	114.0 	114.7 	114.7 	115.4 	116.5 	117.3 	: 
Q,SCA,I20,O,D1_D4_MD5,FI	109.4 p	108.5 p	115.2 p	114.1 p	114.1 p	114.3 p	115.9 p	118.1 p	120.3 p	122.6 p	122.8 p	: 
Q,SCA,I20,O,D1_D4_MD5,FR	: @C	: @C	: @C	: @C	: @C	: @C	: @C	: @C	: @C	: @C	: @C	: 
Q,SCA,I20,O,D1_D4_MD5,HR	116.9 	119.0 	124.9 	134.7 	139.2 	147.9 	162.9 	162.6 	164.0 	170.8 	174.4 	: 
Q,SCA,I20,O,D1_D4_MD5,HU	117.0 	124.0 	126.9 	130.0 	131.4 	131.7 	135.0 	140.1 p	145.1 p	149.6 p	155.2 p	: 
Q,SCA,I20,O,D1_D4_MD5,IE	119.7 	110.7 	112.6 	113.1 	115.1 	114.1 	120.0 	119.7 	120.3 	121.5 	122.1 p	: 
Q,SCA,I20,O,D1_D4_MD5,IS	118.1 p	120.3 p	127.6 p	127.4 p	128.9 p	134.0 p	126.9 p	132.5 p	135.7 p	136.8 p	144.2 p	: 
Q,SCA,I20,O,D1_D4_MD5,IT	103.1 	103.8 	104.8 	105.5 	105.1 	107.2 	107.0 	107.5 	108.4 	107.9 	108.2 	: 
Q,SCA,I20,O,D1_D4_MD5,LT	127.3 	128.7 	132.3 	135.1 	139.7 	142.9 	146.7 	150.0 	153.9 	155.9 	158.9 	: 
Q,SCA,I20,O,D1_D4_MD5,LU	107.4 	110.2 	113.5 	116.5 	119.0 	118.4 	118.3 	118.9 	119.6 	120.7 	122.8 	: 
Q,SCA,I20,O,D1_D4_MD5,LV	122.1 p	125.3 p	130.7 p	134.2 p	139.2 p	149.8 p	142.8 p	145.1 p	146.3 p	151.5 p	154.7 p	: 
Q,SCA,I20,O,D1_D4_MD5,MT	124.7 p	122.5 p	122.1 p	122.7 p	124.1 p	127.0 p	122.2 p	125.3 p	119.2 p	123.0 p	126.3 p	: 
Q,SCA,I20,O,D1_D4_MD5,NL	115.8 	111.9 	114.8 	113.9 	121.4 	120.4 p	120.6 p	122.9 p	134.2 p	128.4 p	: @C	: 
Q,SCA,I20,O,D1_D4_MD5,NO	123.8 p	125.1 p	127.3 p	129.9 p	137.4 p	127.9 p	131.8 p	135.9 p	138.8 p	142.1 p	144.4 p	: 
Q,SCA,I20,O,D1_D4_MD5,PL	123.7 	127.4 	132.3 	139.0 	145.4 	151.8 	158.8 	161.8 	165.5 	169.1 	171.0 	: 
Q,SCA,I20,O,D1_D4_MD5,PT	100.4 	107.5 	107.5 	106.9 	109.2 	111.8 p	110.9 p	114.2 p	117.7 p	116.8 p	121.4 p	: 
Q,SCA,I20,O,D1_D4_MD5,RO	108.1 	112.8 	116.9 	119.9 	125.2 	128.5 p	133.1 p	138.0 p	143.7 p	149.0 p	145.1 p	: 
Q,SCA,I20,O,D1_D4_MD5,RS	123.8 	131.1 	133.9 	139.7 	144.3 	149.0 	152.3 	155.7 	160.2 	165.7 p	169.7 p	: 
Q,SCA,I20,O,D1_D4_MD5,SE	105.9 	107.0 	108.8 	109.6 	111.0 	111.1 	113.8 	114.2 	115.0 	116.1 	116.7 	: 
Q,SCA,I20,O,D1_D4_MD5,SI	118.1 p	115.7 p	128.9 p	107.9 p	131.7 p	129.2 p	123.2 p	111.4 p	133.5 p	148.4 p	137.5 p	: 
Q,SCA,I20,O,D1_D4_MD5,SK	111.6 	115.5 	117.6 	121.7 	126.0 	128.2 p	127.7 p	127.8 p	130.0 p	133.7 p	141.8 p	: 
Q,SCA,I20,O-S,D1_D4_MD5,AT	110.0 	111.4 	112.1 	112.1 	117.2 	121.2 	121.8 	125.7 	122.1 	120.2 	123.2 p	: 
Q,SCA,I20,O-S,D1_D4_MD5,BE	109.0 	114.2 	115.1 	115.8 	116.8 	116.8 	118.1 	118.7 	119.0 	121.0 	121.3 	: 
Q,SCA,I20,O-S,D1_D4_MD5,BG	131.8 	132.4 	135.0 	145.4 	149.7 	155.5 	162.9 	164.2 	169.0 	173.2 	183.3 	: 
Q,SCA,I20,O-S,D1_D4_MD5,CY	107.1 	110.6 	112.0 	113.1 	114.1 	115.2 p	116.6 p	117.8 p	118.7 p	120.5 p	121.1 p	: 
Q,SCA,I20,O-S,D1_D4_MD5,CZ	109.0 	109.9 	111.0 	112.7 	113.5 	114.1 p	115.8 p	117.0 p	118.7 p	121.6 p	123.2 p	: 
Q,SCA,I20,O-S,D1_D4_MD5,DE	108.6 	105.4 	107.9 	108.3 	110.4 	112.7 	114.3 	113.2 	114.1 	115.6 	116.9 	: 
Q,SCA,I20,O-S,D1_D4_MD5,DK	105.4 	105.6 	105.8 	106.8 	107.0 	107.9 	113.1 	112.6 	113.6 	114.2 	115.4 	: 
Q,SCA,I20,O-S,D1_D4_MD5,EA	107.2 	107.5 	108.4 	109.4 	111.0 	113.2 	113.9 	114.2 	114.8 	115.7 	116.8 	: 
Q,SCA,I20,O-S,D1_D4_MD5,EA20	107.3 	107.3 	108.6 	109.2 	110.8 	113.2 	113.9 	114.0 	114.6 	115.9 	117.0 	: 
Q,SCA,I20,O-S,D1_D4_MD5,EE	120.1 	125.1 	131.7 	134.5 	141.0 	138.2 	138.6 	145.6 	145.6 	148.3 	148.9 	: 
Q,SCA,I20,O-S,D1_D4_MD5,EL	93.6 	94.5 	94.1 	97.9 	97.0 	98.3 	98.0 	97.8 	98.6 	99.9 	104.4 	: 
Q,SCA,I20,O-S,D1_D4_MD5,ES	105.2 p	106.0 p	107.6 p	107.8 p	108.9 p	109.9 p	110.6 p	112.3 p	112.5 p	112.5 p	113.6 p	: 
Q,SCA,I20,O-S,D1_D4_MD5,EU	107.8 	108.2 	109.3 	110.4 	112.1 	114.6 	115.6 	115.8 	116.8 	118.1 	119.0 	: 
Q,SCA,I20,O-S,D1_D4_MD5,EU27_2020	107.8 	108.0 	109.5 	110.4 	112.0 	114.2 	115.4 	115.9 	116.6 	118.1 	119.0 	: 
Q,SCA,I20,O-S,D1_D4_MD5,FI	108.1 p	106.1 p	110.8 p	110.3 p	111.2 p	109.4 p	112.6 p	113.4 p	114.7 p	117.9 p	119.1 p	: 
Q,SCA,I20,O-S,D1_D4_MD5,FR	108.6 	109.8 	109.8 	111.2 	113.8 	114.5 	115.0 	114.2 p	114.6 p	114.7 p	115.2 p	: 
Q,SCA,I20,O-S,D1_D4_MD5,HR	115.5 	118.0 	124.0 	131.4 	136.8 	145.1 	159.7 	159.8 	162.0 	167.0 	170.2 	: 
Q,SCA,I20,O-S,D1_D4_MD5,HU	128.7 	135.3 	139.3 	144.7 	151.3 	156.0 	161.1 	167.1 p	172.2 p	175.5 p	182.6 p	: 
Q,SCA,I20,O-S,D1_D4_MD5,IE	118.5 	108.4 	111.0 	112.5 	112.9 	113.2 	116.4 	116.6 	118.1 	119.5 	119.7 p	: 
Q,SCA,I20,O-S,D1_D4_MD5,IS	119.4 p	121.9 p	126.8 p	127.3 p	129.3 p	133.6 p	128.2 p	133.6 p	137.9 p	139.6 p	146.6 p	: 
Q,SCA,I20,O-S,D1_D4_MD5,IT	100.6 	100.9 	101.4 	101.7 	101.5 	103.8 	103.8 	104.6 	105.8 	106.3 	107.1 	: 
Q,SCA,I20,O-S,D1_D4_MD5,LT	130.9 	133.2 	137.3 	139.7 	145.2 	150.0 	153.6 	159.1 	165.7 	168.6 	171.9 	: 
Q,SCA,I20,O-S,D1_D4_MD5,LU	107.8 	110.4 	112.9 	115.5 	117.7 	116.9 	117.3 	117.4 	118.4 	119.6 	124.5 	: 
Q,SCA,I20,O-S,D1_D4_MD5,LV	125.4 p	127.6 p	132.2 p	135.2 p	140.6 p	146.0 p	146.3 p	150.9 p	151.9 p	156.6 p	159.4 p	: 
Q,SCA,I20,O-S,D1_D4_MD5,MT	110.5 p	111.9 p	114.1 p	113.0 p	111.3 p	121.0 p	120.1 p	120.8 p	127.0 p	124.4 p	123.0 p	: 
Q,SCA,I20,O-S,D1_D4_MD5,NL	109.9 	109.7 	111.6 	113.5 	117.6 	118.1 p	118.9 p	120.7 p	125.4 p	124.8 p	125.3 p	: 
Q,SCA,I20,O-S,D1_D4_MD5,NO	109.2 p	110.8 p	112.7 p	116.0 p	119.4 p	115.0 p	119.0 p	121.1 p	124.0 p	125.7 p	127.3 p	: 
Q,SCA,I20,O-S,D1_D4_MD5,PL	122.4 	126.3 	133.2 	134.9 	138.7 	148.8 	159.6 	158.4 	168.2 	172.5 	176.5 	: 
Q,SCA,I20,O-S,D1_D4_MD5,PT	104.4 	108.0 	109.6 	109.9 	111.6 	116.7 p	116.0 p	120.1 p	122.4 p	122.1 p	126.1 p	: 
Q,SCA,I20,O-S,D1_D4_MD5,RO	109.0 	111.4 	115.1 	121.7 	126.2 	132.5 p	134.0 p	145.3 p	149.1 p	153.4 p	148.4 p	: 
Q,SCA,I20,O-S,D1_D4_MD5,RS	122.2 	128.0 	130.8 	135.4 	141.2 	145.6 	150.4 	154.1 	157.6 	162.9 p	166.2 p	: 
Q,SCA,I20,O-S,D1_D4_MD5,SE	106.3 	108.7 	110.8 	111.6 	112.6 	110.7 	112.3 	113.2 	114.4 	115.5 	115.3 	: 
Q,SCA,I20,O-S,D1_D4_MD5,SI	107.7 	107.8 	114.7 	109.3 	117.2 	116.3 	116.5 	113.9 	121.8 	133.0 	129.9 	: 
Q,SCA,I20,O-S,D1_D4_MD5,SK	110.8 	116.4 	118.4 	123.1 	126.2 	129.9 p	130.5 p	131.0 p	132.8 p	136.5 p	147.1 p	: 
Q,SCA,I20,P,D1_D4_MD5,AT	108.5 	112.9 	116.2 	115.7 	125.1 	128.9 	129.2 	137.2 	127.2 	128.1 	134.1 p	: 
Q,SCA,I20,P,D1_D4_MD5,BE	107.4 	115.5 	115.9 	116.4 	117.0 	117.7 	118.3 	118.7 	119.0 	122.1 	122.2 p	: 
Q,SCA,I20,P,D1_D4_MD5,BG	130.0 	131.4 p	132.2 p	150.2 p	151.6 p	156.2 p	165.9 p	164.0 p	172.2 p	174.6 p	187.6 p	: 
Q,SCA,I20,P,D1_D4_MD5,CY	107.1 	109.5 	110.6 	112.0 	112.1 	112.5 p	113.3 p	114.0 p	115.3 p	116.1 p	116.9 p	: 
Q,SCA,I20,P,D1_D4_MD5,CZ	110.8 	112.3 	113.5 	114.7 	114.8 	114.1 p	115.0 p	116.2 p	117.4 p	121.0 p	122.7 p	: 
Q,SCA,I20,P,D1_D4_MD5,DE	104.9 	100.8 	102.8 	103.1 	106.5 	108.2 	109.4 	106.7 	108.9 	110.3 	112.9 	: 
Q,SCA,I20,P,D1_D4_MD5,DK	104.8 	105.2 	105.1 	106.5 	106.8 	107.7 	112.9 	113.0 	113.3 	113.6 	114.2 	: 
Q,SCA,I20,P,D1_D4_MD5,EA	104.1 	104.2 	105.1 	106.6 	108.6 	110.4 	111.4 	110.9 	111.8 	113.2 	114.8 	: 
Q,SCA,I20,P,D1_D4_MD5,EA20	104.2 	104.1 	105.2 	106.9 	109.0 	110.5 	111.5 	111.3 	112.1 	113.2 	114.9 	: 
Q,SCA,I20,P,D1_D4_MD5,EE	118.4 	123.7 	129.5 	131.8 	138.7 	135.9 	137.1 	145.3 	143.8 	146.1 	147.0 	: 
Q,SCA,I20,P,D1_D4_MD5,EL	97.8 	101.2 	103.0 	107.5 	110.7 	116.3 	112.2 	111.1 	107.3 	107.3 	111.9 	: 
Q,SCA,I20,P,D1_D4_MD5,ES	103.3 p	104.3 p	105.4 p	104.3 p	106.6 p	105.8 p	107.4 p	110.0 p	110.3 p	110.8 p	112.1 p	: 
Q,SCA,I20,P,D1_D4_MD5,EU	105.1 	105.6 	106.9 	108.8 	110.5 	112.9 	114.3 	114.8 	115.6 	117.1 	118.3 	: 
Q,SCA,I20,P,D1_D4_MD5,EU27_2020	105.1 	105.4 	107.0 	109.0 	110.7 	112.9 	114.4 	115.0 	115.6 	117.1 	118.3 	: 
Q,SCA,I20,P,D1_D4_MD5,FI	106.3 p	107.0 p	108.6 p	109.7 p	110.5 p	111.2 p	111.8 p	112.8 p	113.7 p	114.9 p	116.1 p	: 
Q,SCA,I20,P,D1_D4_MD5,FR	: @C	: @C	: @C	: @C	: @C	: @C	: @C	: @C	: @C	: @C	: @C	: 
Q,SCA,I20,P,D1_D4_MD5,HR	115.5 	117.6 	123.1 	128.4 	134.7 	144.4 	157.2 	159.8 	161.7 	165.3 	167.1 	: 
Q,SCA,I20,P,D1_D4_MD5,HU	124.2 	131.6 	137.0 	142.4 	156.2 	169.2 	173.4 	183.1 p	190.0 p	193.4 p	206.3 p	: 
Q,SCA,I20,P,D1_D4_MD5,IE	117.8 	110.2 	112.0 	114.0 	113.5 	113.7 	118.5 	118.2 	119.2 	119.5 	119.4 p	: 
Q,SCA,I20,P,D1_D4_MD5,IS	118.9 p	121.8 p	126.3 p	126.2 p	129.9 p	135.9 p	125.0 p	132.3 p	138.0 p	140.6 p	148.5 p	: 
Q,SCA,I20,P,D1_D4_MD5,IT	100.0 	99.8 	100.3 	100.7 	100.5 	102.8 	103.1 	104.4 	105.9 	106.4 	107.5 	: 
Q,SCA,I20,P,D1_D4_MD5,LT	135.6 	138.0 	143.7 	147.5 	153.4 	157.3 	161.2 	167.0 	180.6 	184.5 	185.7 	: 
Q,SCA,I20,P,D1_D4_MD5,LU	106.2 	108.5 	110.2 	112.8 	114.4 	113.4 	114.3 	113.6 	116.3 	115.5 	116.6 	: 
Q,SCA,I20,P,D1_D4_MD5,LV	127.5 p	132.1 p	136.8 p	139.5 p	146.2 p	152.4 p	156.4 p	163.6 p	166.9 p	171.7 p	178.2 p	: 
Q,SCA,I20,P,D1_D4_MD5,MT	88.5 p	94.5 p	101.4 p	96.5 p	89.7 p	108.0 p	109.0 p	110.6 p	140.2 p	123.1 p	118.2 p	: 
Q,SCA,I20,P,D1_D4_MD5,NL	105.7 	106.5 	107.2 	114.1 	115.2 	114.7 p	115.3 p	114.8 p	117.2 p	120.0 p	: @C	: 
Q,SCA,I20,P,D1_D4_MD5,NO	106.2 p	107.6 p	108.4 p	108.8 p	114.1 p	109.6 p	116.3 p	116.7 p	118.6 p	120.9 p	121.7 p	: 
Q,SCA,I20,P,D1_D4_MD5,PL	117.0 	120.4 	130.0 	126.7 	129.1 	145.7 	163.7 	156.3 	162.6 	168.3 	173.6 	: 
Q,SCA,I20,P,D1_D4_MD5,PT	107.8 	108.1 	111.4 	112.8 	112.5 	116.9 p	115.2 p	119.7 p	121.2 p	121.4 p	125.0 p	: 
Q,SCA,I20,P,D1_D4_MD5,RO	111.4 	113.0 	118.6 	133.9 	138.6 	151.6 p	144.6 p	168.5 p	173.6 p	170.1 p	165.4 p	: 
Q,SCA,I20,P,D1_D4_MD5,RS	116.3 	121.4 	123.3 	127.7 	135.7 	140.7 	146.0 	148.8 	152.3 	156.9 p	160.4 p	: 
Q,SCA,I20,P,D1_D4_MD5,SE	105.7 	108.4 	110.3 	110.8 	111.6 	110.7 	112.7 	113.3 	113.8 	114.9 	115.1 	: 
Q,SCA,I20,P,D1_D4_MD5,SI	103.4 p	105.5 p	109.4 p	110.0 p	111.8 p	112.6 p	113.7 p	116.0 p	119.7 p	125.0 p	129.2 p	: 
Q,SCA,I20,P,D1_D4_MD5,SK	101.8 	107.4 	107.8 	114.0 	117.3 	121.4 p	122.2 p	123.5 p	123.5 p	123.9 p	140.6 p	: 
Q,SCA,I20,Q,D1_D4_MD5,AT	111.2 	114.5 	110.8 	116.3 	118.0 	126.9 	129.4 	136.3 	133.1 	131.2 	138.5 p	: 
Q,SCA,I20,Q,D1_D4_MD5,BE	112.4 	113.9 	115.1 	116.1 	117.8 	116.8 	119.6 	120.4 	120.6 	121.5 	122.0 p	: 
Q,SCA,I20,Q,D1_D4_MD5,BG	131.8 	128.5 p	132.5 p	137.7 p	141.9 p	148.5 p	153.0 p	157.3 p	160.4 p	165.5 p	171.0 p	: 
Q,SCA,I20,Q,D1_D4_MD5,CY	101.8 	110.1 	112.0 	111.4 	113.2 	115.4 p	116.4 p	119.1 p	118.7 p	120.5 p	120.1 p	: 
Q,SCA,I20,Q,D1_D4_MD5,CZ	108.6 	107.9 	109.5 	111.5 	113.5 	116.0 p	118.5 p	119.9 p	121.8 p	124.0 p	125.9 p	: 
Q,SCA,I20,Q,D1_D4_MD5,DE	112.5 	110.8 	113.0 	113.3 	114.3 	117.1 	119.6 	119.6 	119.0 	122.0 	121.9 	: 
Q,SCA,I20,Q,D1_D4_MD5,DK	105.1 	105.4 	105.3 	106.6 	106.3 	106.9 	112.9 	112.0 	113.8 	114.3 	115.9 	: 
Q,SCA,I20,Q,D1_D4_MD5,EA	110.0 	110.5 	111.4 	112.0 	113.3 	115.7 	117.1 	117.4 	117.7 	119.0 	120.0 	: 
Q,SCA,I20,Q,D1_D4_MD5,EA20	109.8 	110.1 	111.3 	111.7 	113.0 	115.1 	116.6 	117.2 	117.6 	119.0 	120.0 	: 
Q,SCA,I20,Q,D1_D4_MD5,EE	122.0 	127.2 	137.3 	142.4 	150.2 	148.0 	148.3 	158.0 	159.1 	164.2 	162.3 	: 
Q,SCA,I20,Q,D1_D4_MD5,EL	96.2 	98.3 	92.9 	96.0 	92.7 	92.0 	93.5 	92.8 	94.9 	95.8 	100.0 	: 
Q,SCA,I20,Q,D1_D4_MD5,ES	106.0 p	106.1 p	108.0 p	108.7 p	108.8 p	111.1 p	111.4 p	113.5 p	113.7 p	113.5 p	115.6 p	: 
Q,SCA,I20,Q,D1_D4_MD5,EU	110.0 	110.8 	111.8 	112.8 	114.0 	115.9 	117.5 	118.5 	119.4 	120.2 	121.0 	: 
Q,SCA,I20,Q,D1_D4_MD5,EU27_2020	109.9 	110.6 	111.8 	112.7 	113.8 	115.5 	117.1 	118.3 	119.2 	120.2 	121.1 	: 
Q,SCA,I20,Q,D1_D4_MD5,FI	108.4 p	104.7 p	110.2 p	109.1 p	110.4 p	106.5 p	111.5 p	111.7 p	112.8 p	117.0 p	118.4 p	: 
Q,SCA,I20,Q,D1_D4_MD5,FR	: @C	: @C	: @C	: @C	: @C	: @C	: @C	: @C	: @C	: @C	: @C	: 
Q,SCA,I20,Q,D1_D4_MD5,HR	114.9 	117.0 	124.3 	132.2 	138.8 	145.9 	164.2 	161.5 	163.8 	168.3 	172.2 	: 
Q,SCA,I20,Q,D1_D4_MD5,HU	152.2 	157.4 	160.8 	169.8 	175.7 	176.5 	186.3 	189.6 p	192.8 p	194.7 p	197.5 p	: 
Q,SCA,I20,Q,D1_D4_MD5,IE	117.2 	112.9 	115.1 	116.9 	117.1 	118.1 	119.3 	120.3 	122.9 	124.0 	125.2 p	: 
Q,SCA,I20,Q,D1_D4_MD5,IS	121.0 p	123.5 p	126.9 p	128.8 p	129.6 p	131.8 p	131.9 p	135.6 p	140.0 p	141.3 p	146.9 p	: 
Q,SCA,I20,Q,D1_D4_MD5,IT	100.1 	99.8 	99.5 	99.4 	99.1 	101.1 	101.7 	102.5 	103.7 	104.5 	105.9 	: 
Q,SCA,I20,Q,D1_D4_MD5,LT	128.6 	131.3 	133.7 	134.4 	140.3 	147.6 	150.7 	157.7 	160.3 	163.8 	169.4 	: 
Q,SCA,I20,Q,D1_D4_MD5,LU	109.4 	111.7 	113.5 	115.2 	117.3 	116.0 	117.4 	116.6 	117.9 	119.7 	130.3 	: 
Q,SCA,I20,Q,D1_D4_MD5,LV	129.1 p	129.0 p	132.7 p	135.4 p	140.2 p	140.3 p	143.2 p	147.9 p	145.3 p	150.4 p	150.3 p	: 
Q,SCA,I20,Q,D1_D4_MD5,MT	119.3 p	122.6 p	123.6 p	125.2 p	125.7 p	128.7 p	129.7 p	130.7 p	128.7 p	132.4 p	128.3 p	: 
Q,SCA,I20,Q,D1_D4_MD5,NL	107.8 	109.2 	111.2 	112.5 	116.2 	118.2 p	119.3 p	121.9 p	123.7 p	124.6 p	: @C	: 
Q,SCA,I20,Q,D1_D4_MD5,NO	104.1 p	105.8 p	107.9 p	109.1 p	114.1 p	111.4 p	113.7 p	116.2 p	119.6 p	120.3 p	121.2 p	: 
Q,SCA,I20,Q,D1_D4_MD5,PL	131.3 	136.2 	140.9 	145.0 	148.1 	152.7 	156.9 	160.6 	183.3 	186.2 	190.6 	: 
Q,SCA,I20,Q,D1_D4_MD5,PT	105.1 	108.9 	110.3 	109.9 	113.9 	124.4 p	124.9 p	130.2 p	132.2 p	132.1 p	136.2 p	: 
Q,SCA,I20,Q,D1_D4_MD5,RO	105.8 	107.8 	109.4 	112.5 	116.0 	119.4 p	124.9 p	131.7 p	133.5 p	141.7 p	135.5 p	: 
Q,SCA,I20,Q,D1_D4_MD5,RS	124.4 	129.1 	132.7 	136.5 	141.7 	146.7 	151.1 	155.2 	158.3 	162.6 p	165.5 p	: 
Q,SCA,I20,Q,D1_D4_MD5,SE	106.9 	110.0 	112.5 	113.2 	113.9 	110.4 	112.0 	112.9 	114.3 	115.3 	115.1 	: 
Q,SCA,I20,Q,D1_D4_MD5,SI	103.3 p	102.6 p	108.5 p	107.3 p	110.0 p	109.4 p	112.0 p	110.6 p	113.5 p	129.2 p	124.1 p	: 
Q,SCA,I20,Q,D1_D4_MD5,SK	117.7 	126.4 	130.2 	134.1 	135.5 	141.3 p	143.1 p	143.1 p	146.1 p	153.7 p	161.4 p	: 
Q,SCA,I20,R,D1_D4_MD5,AT	99.6 	102.9 	103.1 	105.2 	103.2 	104.6 	106.9 	114.8 	99.4 	106.9 	110.6 p	: 
Q,SCA,I20,R,D1_D4_MD5,BE	110.5 	117.1 	116.9 	117.5 	118.5 	119.0 	120.1 	120.8 	121.5 	122.9 	123.6 p	: 
Q,SCA,I20,R,D1_D4_MD5,BG	144.7 	144.0 p	146.5 p	150.7 p	153.8 p	165.3 p	176.6 p	177.5 p	186.9 p	194.6 p	206.5 p	: 
Q,SCA,I20,R,D1_D4_MD5,CY	124.3 	125.6 	125.0 	126.1 	127.3 	128.5 p	132.2 p	133.3 p	135.1 p	137.2 p	138.1 p	: 
Q,SCA,I20,R,D1_D4_MD5,CZ	108.6 	110.3 	110.7 	115.2 	116.2 	115.8 p	117.3 p	120.7 p	123.5 p	129.6 p	130.2 p	: 
Q,SCA,I20,R,D1_D4_MD5,DE	110.2 	106.3 	111.4 	108.7 	110.0 	114.6 	117.6 	116.7 	118.2 	115.2 	116.3 	: 
Q,SCA,I20,R,D1_D4_MD5,DK	104.3 	105.4 	105.2 	106.5 	106.8 	109.3 	110.8 	111.2 	111.9 	111.9 	112.9 	: 
Q,SCA,I20,R,D1_D4_MD5,EA	104.9 	103.9 	105.3 	106.0 	106.3 	111.0 	110.7 	111.7 	111.3 	112.3 	112.5 	: 
Q,SCA,I20,R,D1_D4_MD5,EA20	105.4 	104.0 	105.0 	105.8 	106.0 	110.4 	109.9 	111.5 	111.0 	112.2 	112.4 	: 
Q,SCA,I20,R,D1_D4_MD5,EE	120.9 	132.0 	139.3 	137.1 	146.9 	134.0 	132.7 	137.5 	141.1 	140.0 	144.2 	: 
Q,SCA,I20,R,D1_D4_MD5,EL	88.8 	91.3 	96.2 	106.9 	101.9 	103.0 	107.6 	100.8 	112.0 	115.9 	119.7 	: 
Q,SCA,I20,R,D1_D4_MD5,ES	93.5 p	95.3 p	96.8 p	97.8 p	98.5 p	98.2 p	100.8 p	103.4 p	104.3 p	103.5 p	102.0 p	: 
Q,SCA,I20,R,D1_D4_MD5,EU	105.9 	105.3 	106.9 	107.8 	108.4 	112.9 	113.0 	114.1 	114.1 	115.2 	115.5 	: 
Q,SCA,I20,R,D1_D4_MD5,EU27_2020	106.3 	105.4 	106.7 	107.3 	108.1 	112.3 	112.1 	113.8 	113.7 	115.1 	115.5 	: 
Q,SCA,I20,R,D1_D4_MD5,FI	105.4 p	104.8 p	106.2 p	106.6 p	107.1 p	107.2 p	108.4 p	110.0 p	113.2 p	116.8 p	119.2 p	: 
Q,SCA,I20,R,D1_D4_MD5,FR	109.0 	106.4 	104.0 	103.1 	104.5 	105.2 	105.0 	105.4 p	107.3 p	102.7 p	108.0 p	: 
Q,SCA,I20,R,D1_D4_MD5,HR	111.1 	115.1 	120.5 	125.0 	127.3 	134.8 	144.1 	146.9 	152.1 	156.7 	160.4 	: 
Q,SCA,I20,R,D1_D4_MD5,HU	128.9 	134.6 	141.2 	145.7 	151.2 	155.3 	156.3 	161.6 p	164.9 p	166.7 p	171.4 p	: 
Q,SCA,I20,R,D1_D4_MD5,IE	: @C	: @C	: @C	: @C	: @C	: @C	: @C	: @C	: @C	: @C	: @C	: 
Q,SCA,I20,R,D1_D4_MD5,IS	121.0 p	123.2 p	126.4 p	127.8 p	130.2 p	133.6 p	132.3 p	137.1 p	139.5 p	142.7 p	148.4 p	: 
Q,SCA,I20,R,D1_D4_MD5,IT	89.9 	92.5 	94.1 	93.5 	96.6 	105.9 	100.8 	101.2 	99.8 	106.2 	103.6 	: 
Q,SCA,I20,R,D1_D4_MD5,LT	135.8 	142.0 	147.8 	151.6 	156.2 	158.9 	163.7 	169.4 	176.2 	175.8 	179.6 	: 
Q,SCA,I20,R,D1_D4_MD5,LU	99.9 	103.9 	104.7 	108.0 	109.1 	108.0 	108.8 	108.2 	108.9 	109.9 	111.0 	: 
Q,SCA,I20,R,D1_D4_MD5,LV	122.6 p	123.4 p	128.8 p	132.5 p	135.7 p	137.7 p	143.8 p	147.2 p	149.6 p	150.8 p	149.5 p	: 
Q,SCA,I20,R,D1_D4_MD5,MT	106.4 p	102.8 p	101.7 p	100.6 p	100.5 p	114.6 p	112.2 p	109.5 p	109.0 p	110.8 p	110.1 p	: 
Q,SCA,I20,R,D1_D4_MD5,NL	108.8 	110.5 	111.2 	113.2 	114.9 	117.5 p	118.4 p	120.8 p	121.9 p	122.8 p	: @C	: 
Q,SCA,I20,R,D1_D4_MD5,NO	112.2 p	114.2 p	116.8 p	117.2 p	121.0 p	118.0 p	126.4 p	124.1 p	125.4 p	130.2 p	138.0 p	: 
Q,SCA,I20,R,D1_D4_MD5,PL	125.3 	130.6 	136.3 	140.3 	145.2 	150.9 	156.1 	160.6 	164.4 	168.6 	173.4 	: 
Q,SCA,I20,R,D1_D4_MD5,PT	100.1 	104.2 	104.6 	106.7 	107.0 	109.0 p	112.4 p	112.6 p	115.3 p	113.2 p	113.1 p	: 
Q,SCA,I20,R,D1_D4_MD5,RO	117.3 	117.9 	124.3 	125.2 	130.4 	135.3 p	136.6 p	141.9 p	142.5 p	156.0 p	149.8 p	: 
Q,SCA,I20,R,D1_D4_MD5,RS	131.2 	136.9 	141.3 	143.3 	151.5 	150.9 	161.4 	167.3 	167.6 	180.1 p	182.7 p	: 
Q,SCA,I20,R,D1_D4_MD5,SE	103.3 	104.6 	107.0 	106.4 	108.3 	109.9 	111.8 	113.4 	115.1 	115.6 	116.3 	: 
Q,SCA,I20,R,D1_D4_MD5,SI	110.4 p	113.2 p	118.9 p	117.4 p	124.7 p	119.2 p	123.4 p	121.7 p	127.3 p	131.9 p	130.3 p	: 
Q,SCA,I20,R,D1_D4_MD5,SK	115.5 	117.7 	120.9 	123.8 	125.6 	131.5 p	130.7 p	133.8 p	132.7 p	138.9 p	146.7 p	: 
Q,SCA,I20,S,D1_D4_MD5,AT	114.0 	106.6 	117.6 	118.9 	121.8 	119.6 	132.0 	131.6 	130.1 	137.6 	133.4 p	: 
Q,SCA,I20,S,D1_D4_MD5,BE	108.0 	115.2 	116.0 	116.8 	117.3 	117.9 	118.5 	119.0 	119.5 	122.3 	122.1 p	: 
Q,SCA,I20,S,D1_D4_MD5,BG	131.5 	130.3 p	136.2 p	139.9 p	141.7 p	158.5 p	165.9 p	171.6 p	174.8 p	178.5 p	188.6 p	: 
Q,SCA,I20,S,D1_D4_MD5,CY	114.2 	117.8 	118.7 	120.1 	123.2 	125.3 p	127.7 p	129.1 p	130.6 p	131.3 p	132.3 p	: 
Q,SCA,I20,S,D1_D4_MD5,CZ	109.9 	106.3 	112.7 	116.4 	117.1 	125.0 p	125.4 p	126.6 p	132.8 p	134.6 p	137.3 p	: 
Q,SCA,I20,S,D1_D4_MD5,DE	108.7 	107.4 	109.3 	109.2 	108.6 	113.5 	114.5 	114.7 	113.5 	116.0 	118.6 	: 
Q,SCA,I20,S,D1_D4_MD5,DK	106.4 	107.0 	107.2 	107.8 	109.0 	108.9 	111.6 	112.8 	113.4 	113.8 	114.5 	: 
Q,SCA,I20,S,D1_D4_MD5,EA	106.3 	106.7 	107.7 	108.9 	110.0 	111.7 	112.7 	113.9 	114.8 	115.3 	116.5 	: 
Q,SCA,I20,S,D1_D4_MD5,EA20	106.3 	106.6 	107.5 	108.6 	109.6 	111.1 	112.0 	113.2 	114.1 	115.3 	116.5 	: 
Q,SCA,I20,S,D1_D4_MD5,EE	114.3 	109.8 	114.8 	116.0 	119.3 	120.8 	123.9 	127.9 	134.3 	129.6 	130.5 	: 
Q,SCA,I20,S,D1_D4_MD5,EL	96.8 	94.0 	97.7 	110.7 	104.8 	107.5 	114.7 	110.6 	120.2 	119.0 	127.2 	: 
Q,SCA,I20,S,D1_D4_MD5,ES	100.7 p	102.2 p	104.6 p	106.0 p	107.5 p	108.6 p	108.6 p	111.2 p	112.4 p	112.9 p	114.6 p	: 
Q,SCA,I20,S,D1_D4_MD5,EU	106.5 	106.9 	108.1 	109.4 	110.4 	112.1 	113.2 	114.4 	115.4 	116.1 	117.3 	: 
Q,SCA,I20,S,D1_D4_MD5,EU27_2020	106.5 	106.8 	107.9 	109.1 	110.0 	111.6 	112.6 	113.8 	114.8 	116.1 	117.4 	: 
Q,SCA,I20,S,D1_D4_MD5,FI	110.3 p	108.2 p	111.0 p	111.4 p	115.7 p	115.6 p	118.9 p	117.9 p	119.0 p	121.2 p	124.7 p	: 
Q,SCA,I20,S,D1_D4_MD5,FR	102.6 	102.8 	102.9 	103.4 	106.3 	104.7 	105.6 	106.7 p	108.9 p	107.5 p	108.2 p	: 
Q,SCA,I20,S,D1_D4_MD5,HR	114.9 	123.9 	128.2 	132.4 	134.3 	136.9 	138.4 	141.0 	146.1 	150.7 	155.6 	: 
Q,SCA,I20,S,D1_D4_MD5,HU	124.7 	126.8 	133.1 	140.2 	144.9 	149.8 	154.2 	159.4 p	163.9 p	163.2 p	165.8 p	: 
Q,SCA,I20,S,D1_D4_MD5,IE	: @C	: @C	: @C	: @C	: @C	: @C	: @C	: @C	: @C	: @C	: @C	: 
Q,SCA,I20,S,D1_D4_MD5,IS	116.3 p	118.5 p	122.5 p	122.2 p	124.2 p	129.0 p	122.9 p	130.2 p	131.5 p	132.3 p	139.8 p	: 
Q,SCA,I20,S,D1_D4_MD5,IT	99.8 	101.6 	102.7 	104.0 	101.7 	102.8 	102.2 	102.5 	104.6 	105.0 	106.1 	: 
Q,SCA,I20,S,D1_D4_MD5,LT	138.1 	137.0 	140.4 	141.3 	150.2 	155.8 	158.6 	165.0 	167.1 	160.7 	162.5 	: 
Q,SCA,I20,S,D1_D4_MD5,LU	105.1 	107.7 	107.8 	110.6 	112.3 	111.8 	112.1 	112.0 	112.5 	113.4 	115.1 	: 
Q,SCA,I20,S,D1_D4_MD5,LV	110.4 p	114.5 p	117.8 p	121.8 p	128.2 p	131.8 p	138.3 p	142.5 p	156.3 p	158.4 p	160.4 p	: 
Q,SCA,I20,S,D1_D4_MD5,MT	146.1 p	159.4 p	177.2 p	176.2 p	164.0 p	162.1 p	184.6 p	168.5 p	163.9 p	167.1 p	184.0 p	: 
Q,SCA,I20,S,D1_D4_MD5,NL	111.5 	114.9 	116.1 	117.3 	119.4 	120.6 p	122.6 p	125.0 p	127.9 p	128.7 p	: @C	: 
Q,SCA,I20,S,D1_D4_MD5,NO	105.2 p	107.7 p	109.5 p	156.2 p	114.3 p	109.9 p	117.8 p	117.7 p	120.5 p	122.0 p	126.1 p	: 
Q,SCA,I20,S,D1_D4_MD5,PL	114.1 	122.6 	130.0 	139.0 	136.3 	140.7 	146.2 	144.2 	157.8 	159.0 	160.1 	: 
Q,SCA,I20,S,D1_D4_MD5,PT	106.0 	110.5 	110.9 	112.9 	115.2 	116.9 p	119.6 p	120.7 p	122.4 p	121.3 p	122.6 p	: 
Q,SCA,I20,S,D1_D4_MD5,RO	128.7 	125.9 	133.9 	136.5 	142.8 	149.3 p	160.1 p	165.5 p	172.2 p	181.6 p	186.4 p	: 
Q,SCA,I20,S,D1_D4_MD5,RS	133.2 	138.1 	140.1 	144.7 	147.6 	148.3 	159.6 	164.8 	167.1 	175.1 p	177.3 p	: 
Q,SCA,I20,S,D1_D4_MD5,SE	105.0 	105.2 	109.1 	109.8 	111.7 	111.2 	111.6 	111.1 	113.9 	115.7 	117.1 	: 
Q,SCA,I20,S,D1_D4_MD5,SI	111.1 p	115.1 p	119.1 p	120.2 p	124.0 p	123.6 p	128.6 p	130.1 p	132.2 p	135.5 p	134.4 p	: 
Q,SCA,I20,S,D1_D4_MD5,SK	128.5 	130.5 	133.1 	137.6 	138.2 	135.9 p	140.7 p	141.0 p	146.0 p	150.1 p	154.5 p	: 
